text,classification_label,weight,label,,
She,0,0.0769230769230769,0,,
She should,0,0.153846153846154,,,
She should ask,0,0.230769230769231,,,
She should ask a,0,0.307692307692308,,,
She should ask a few,0,0.384615384615385,,,
She should ask a few native,0,0.461538461538462,,,
She should ask a few native Americans,0,0.538461538461538,,,
She should ask a few native Americans what,0,0.615384615384615,,,
She should ask a few native Americans what their,0,0.692307692307692,,,
She should ask a few native Americans what their take,0,0.769230769230769,,,
She should ask a few native Americans what their take on,0,0.846153846153846,,,
She should ask a few native Americans what their take on this,0,0.923076923076923,,,
She should ask a few native Americans what their take on this is.,0,1,,,
Go,1,0.125,,,
Go home,1,0.25,,,
Go home you‚Äôre,1,0.375,,,
Go home you‚Äôre drunk!!!,1,0.5,,,
Go home you‚Äôre drunk!!! #MAGA,1,0.625,,,
Go home you‚Äôre drunk!!! #MAGA #Trump2020,1,0.75,,,
Go home you‚Äôre drunk!!! #MAGA #Trump2020 üëäüá∫üá∏üëä,1,0.875,,,
Go home you‚Äôre drunk!!! #MAGA #Trump2020 üëäüá∫üá∏üëä URL,1,1,,,
Amazon,0,0.037037037037037,,,
Amazon is,0,0.0740740740740741,,,
Amazon is investigating,0,0.111111111111111,,,
Amazon is investigating Chinese,0,0.148148148148148,,,
Amazon is investigating Chinese employees,0,0.185185185185185,,,
Amazon is investigating Chinese employees who,0,0.222222222222222,,,
Amazon is investigating Chinese employees who are,0,0.259259259259259,,,
Amazon is investigating Chinese employees who are selling,0,0.296296296296296,,,
Amazon is investigating Chinese employees who are selling internal,0,0.333333333333333,,,
Amazon is investigating Chinese employees who are selling internal data,0,0.37037037037037,,,
Amazon is investigating Chinese employees who are selling internal data to,0,0.407407407407407,,,
Amazon is investigating Chinese employees who are selling internal data to third-party,0,0.444444444444444,,,
Amazon is investigating Chinese employees who are selling internal data to third-party sellers,0,0.481481481481481,,,
Amazon is investigating Chinese employees who are selling internal data to third-party sellers looking,0,0.518518518518519,,,
Amazon is investigating Chinese employees who are selling internal data to third-party sellers looking for,0,0.555555555555556,,,
Amazon is investigating Chinese employees who are selling internal data to third-party sellers looking for an,0,0.592592592592593,,,
Amazon is investigating Chinese employees who are selling internal data to third-party sellers looking for an edge,0,0.62962962962963,,,
Amazon is investigating Chinese employees who are selling internal data to third-party sellers looking for an edge in,0,0.666666666666667,,,
Amazon is investigating Chinese employees who are selling internal data to third-party sellers looking for an edge in the,0,0.703703703703704,,,
Amazon is investigating Chinese employees who are selling internal data to third-party sellers looking for an edge in the competitive,0,0.740740740740741,,,
Amazon is investigating Chinese employees who are selling internal data to third-party sellers looking for an edge in the competitive marketplace.,0,0.777777777777778,,,
Amazon is investigating Chinese employees who are selling internal data to third-party sellers looking for an edge in the competitive marketplace. URL,0,0.814814814814815,,,
Amazon is investigating Chinese employees who are selling internal data to third-party sellers looking for an edge in the competitive marketplace. URL #Amazon,0,0.851851851851852,,,
Amazon is investigating Chinese employees who are selling internal data to third-party sellers looking for an edge in the competitive marketplace. URL #Amazon #MAGA,0,0.888888888888889,,,
Amazon is investigating Chinese employees who are selling internal data to third-party sellers looking for an edge in the competitive marketplace. URL #Amazon #MAGA #KAG,0,0.925925925925926,,,
Amazon is investigating Chinese employees who are selling internal data to third-party sellers looking for an edge in the competitive marketplace. URL #Amazon #MAGA #KAG #CHINA,0,0.962962962962963,,,
Amazon is investigating Chinese employees who are selling internal data to third-party sellers looking for an edge in the competitive marketplace. URL #Amazon #MAGA #KAG #CHINA #TCOT,0,1,,,
Someone,0,0.1,,,
"Someone should'veTaken""",0,0.2,,,
"Someone should'veTaken"" this",0,0.3,,,
"Someone should'veTaken"" this piece",0,0.4,,,
"Someone should'veTaken"" this piece of",0,0.5,,,
"Someone should'veTaken"" this piece of shit",0,0.6,,,
"Someone should'veTaken"" this piece of shit to",0,0.7,,,
"Someone should'veTaken"" this piece of shit to a",0,0.8,,,
"Someone should'veTaken"" this piece of shit to a volcano.",0,0.9,,,
"Someone should'veTaken"" this piece of shit to a volcano. üòÇ""",0,1,,,
Obama,0,0.1,,,
Obama wanted,0,0.2,,,
Obama wanted liberals,0,0.3,,,
Obama wanted liberals &amp ,0,0.4,,,
Obama wanted liberals &amp illegals,0,0.5,,,
Obama wanted liberals &amp illegals to,0,0.6,,,
Obama wanted liberals &amp illegals to move,0,0.7,,,
Obama wanted liberals &amp illegals to move into,0,0.8,,,
Obama wanted liberals &amp illegals to move into red,0,0.9,,,
Obama wanted liberals &amp illegals to move into red states,0,1,,,
Liberals,1,0.2,,,
Liberals are,1,0.4,,,
Liberals are all,1,0.6,,,
Liberals are all Kookoo,1,0.8,,,
Liberals are all Kookoo !!!,1,1,,,
Oh,0,0.25,,,
Oh noes!,0,0.5,,,
Oh noes! Tough,0,0.75,,,
Oh noes! Tough shit.,0,1,,,
was,1,0.0333333333333333,,,
was literally,1,0.0666666666666667,,,
was literally just,1,0.1,,,
was literally just talking,1,0.133333333333333,,,
was literally just talking about,1,0.166666666666667,,,
was literally just talking about this,1,0.2,,,
was literally just talking about this lol,1,0.233333333333333,,,
was literally just talking about this lol all,1,0.266666666666667,,,
was literally just talking about this lol all mass,1,0.3,,,
was literally just talking about this lol all mass shootings,1,0.333333333333333,,,
was literally just talking about this lol all mass shootings like,1,0.366666666666667,,,
was literally just talking about this lol all mass shootings like that,1,0.4,,,
was literally just talking about this lol all mass shootings like that have,1,0.433333333333333,,,
was literally just talking about this lol all mass shootings like that have been,1,0.466666666666667,,,
was literally just talking about this lol all mass shootings like that have been set,1,0.5,,,
was literally just talking about this lol all mass shootings like that have been set ups.,1,0.533333333333333,,,
was literally just talking about this lol all mass shootings like that have been set ups. it‚Äôs,1,0.566666666666667,,,
was literally just talking about this lol all mass shootings like that have been set ups. it‚Äôs propaganda,1,0.6,,,
was literally just talking about this lol all mass shootings like that have been set ups. it‚Äôs propaganda used,1,0.633333333333333,,,
was literally just talking about this lol all mass shootings like that have been set ups. it‚Äôs propaganda used to,1,0.666666666666667,,,
was literally just talking about this lol all mass shootings like that have been set ups. it‚Äôs propaganda used to divide,1,0.7,,,
was literally just talking about this lol all mass shootings like that have been set ups. it‚Äôs propaganda used to divide us,1,0.733333333333333,,,
was literally just talking about this lol all mass shootings like that have been set ups. it‚Äôs propaganda used to divide us on,1,0.766666666666667,,,
was literally just talking about this lol all mass shootings like that have been set ups. it‚Äôs propaganda used to divide us on major,1,0.8,,,
was literally just talking about this lol all mass shootings like that have been set ups. it‚Äôs propaganda used to divide us on major issues,1,0.833333333333333,,,
was literally just talking about this lol all mass shootings like that have been set ups. it‚Äôs propaganda used to divide us on major issues like,1,0.866666666666667,,,
was literally just talking about this lol all mass shootings like that have been set ups. it‚Äôs propaganda used to divide us on major issues like gun,1,0.9,,,
was literally just talking about this lol all mass shootings like that have been set ups. it‚Äôs propaganda used to divide us on major issues like gun control,1,0.933333333333333,,,
was literally just talking about this lol all mass shootings like that have been set ups. it‚Äôs propaganda used to divide us on major issues like gun control and,1,0.966666666666667,,,
was literally just talking about this lol all mass shootings like that have been set ups. it‚Äôs propaganda used to divide us on major issues like gun control and terrorism,1,1,,,
Buy,0,0.333333333333333,,,
Buy more,0,0.666666666666667,,,
Buy more icecream!!!,0,1,,,
Canada,1,0.0555555555555556,,,
Canada doesn‚Äôt,1,0.111111111111111,,,
Canada doesn‚Äôt need,1,0.166666666666667,,,
Canada doesn‚Äôt need another,1,0.222222222222222,,,
Canada doesn‚Äôt need another CUCK!,1,0.277777777777778,,,
Canada doesn‚Äôt need another CUCK! We,1,0.333333333333333,,,
Canada doesn‚Äôt need another CUCK! We already,1,0.388888888888889,,,
Canada doesn‚Äôt need another CUCK! We already have,1,0.444444444444444,,,
Canada doesn‚Äôt need another CUCK! We already have enough,1,0.5,,,
Canada doesn‚Äôt need another CUCK! We already have enough #LooneyLeft,1,0.555555555555556,,,
Canada doesn‚Äôt need another CUCK! We already have enough #LooneyLeft #Liberals,1,0.611111111111111,,,
Canada doesn‚Äôt need another CUCK! We already have enough #LooneyLeft #Liberals f**king,1,0.666666666666667,,,
Canada doesn‚Äôt need another CUCK! We already have enough #LooneyLeft #Liberals f**king up,1,0.722222222222222,,,
Canada doesn‚Äôt need another CUCK! We already have enough #LooneyLeft #Liberals f**king up our,1,0.777777777777778,,,
Canada doesn‚Äôt need another CUCK! We already have enough #LooneyLeft #Liberals f**king up our great,1,0.833333333333333,,,
Canada doesn‚Äôt need another CUCK! We already have enough #LooneyLeft #Liberals f**king up our great country!,1,0.888888888888889,,,
Canada doesn‚Äôt need another CUCK! We already have enough #LooneyLeft #Liberals f**king up our great country! #Qproofs,1,0.944444444444444,,,
Canada doesn‚Äôt need another CUCK! We already have enough #LooneyLeft #Liberals f**king up our great country! #Qproofs #TrudeauMustGo,1,1,,,
It‚Äôs,0,0.125,,,
It‚Äôs not,0,0.25,,,
It‚Äôs not my,0,0.375,,,
It‚Äôs not my fault,0,0.5,,,
It‚Äôs not my fault you,0,0.625,,,
It‚Äôs not my fault you support,0,0.75,,,
It‚Äôs not my fault you support gun,0,0.875,,,
It‚Äôs not my fault you support gun control,0,1,,,
What‚Äôs,0,0.0263157894736842,,,
What‚Äôs the,0,0.0526315789473684,,,
What‚Äôs the difference,0,0.0789473684210526,,,
What‚Äôs the difference between,0,0.105263157894737,,,
What‚Äôs the difference between #Kavanaugh,0,0.131578947368421,,,
What‚Äôs the difference between #Kavanaugh and,0,0.157894736842105,,,
What‚Äôs the difference between #Kavanaugh and One,0,0.184210526315789,,,
What‚Äôs the difference between #Kavanaugh and One of,0,0.210526315789474,,,
What‚Äôs the difference between #Kavanaugh and One of these,0,0.236842105263158,,,
What‚Äôs the difference between #Kavanaugh and One of these men,0,0.263157894736842,,,
What‚Äôs the difference between #Kavanaugh and One of these men admitted,0,0.289473684210526,,,
What‚Äôs the difference between #Kavanaugh and One of these men admitted to,0,0.315789473684211,,,
What‚Äôs the difference between #Kavanaugh and One of these men admitted to groping,0,0.342105263157895,,,
What‚Äôs the difference between #Kavanaugh and One of these men admitted to groping a,0,0.368421052631579,,,
What‚Äôs the difference between #Kavanaugh and One of these men admitted to groping a 15,0,0.394736842105263,,,
What‚Äôs the difference between #Kavanaugh and One of these men admitted to groping a 15 year,0,0.421052631578947,,,
What‚Äôs the difference between #Kavanaugh and One of these men admitted to groping a 15 year old,0,0.447368421052632,,,
What‚Äôs the difference between #Kavanaugh and One of these men admitted to groping a 15 year old girl,0,0.473684210526316,,,
What‚Äôs the difference between #Kavanaugh and One of these men admitted to groping a 15 year old girl years,0,0.5,,,
What‚Äôs the difference between #Kavanaugh and One of these men admitted to groping a 15 year old girl years ago.,0,0.526315789473684,,,
What‚Äôs the difference between #Kavanaugh and One of these men admitted to groping a 15 year old girl years ago. The,0,0.552631578947369,,,
What‚Äôs the difference between #Kavanaugh and One of these men admitted to groping a 15 year old girl years ago. The other,0,0.578947368421053,,,
What‚Äôs the difference between #Kavanaugh and One of these men admitted to groping a 15 year old girl years ago. The other is,0,0.605263157894737,,,
What‚Äôs the difference between #Kavanaugh and One of these men admitted to groping a 15 year old girl years ago. The other is going,0,0.631578947368421,,,
What‚Äôs the difference between #Kavanaugh and One of these men admitted to groping a 15 year old girl years ago. The other is going to,0,0.657894736842105,,,
What‚Äôs the difference between #Kavanaugh and One of these men admitted to groping a 15 year old girl years ago. The other is going to be,0,0.68421052631579,,,
What‚Äôs the difference between #Kavanaugh and One of these men admitted to groping a 15 year old girl years ago. The other is going to be #confirmed,0,0.710526315789474,,,
What‚Äôs the difference between #Kavanaugh and One of these men admitted to groping a 15 year old girl years ago. The other is going to be #confirmed to,0,0.736842105263158,,,
What‚Äôs the difference between #Kavanaugh and One of these men admitted to groping a 15 year old girl years ago. The other is going to be #confirmed to the,0,0.763157894736842,,,
What‚Äôs the difference between #Kavanaugh and One of these men admitted to groping a 15 year old girl years ago. The other is going to be #confirmed to the SCJ,0,0.789473684210526,,,
What‚Äôs the difference between #Kavanaugh and One of these men admitted to groping a 15 year old girl years ago. The other is going to be #confirmed to the SCJ #DemsareFrauds,0,0.815789473684211,,,
What‚Äôs the difference between #Kavanaugh and One of these men admitted to groping a 15 year old girl years ago. The other is going to be #confirmed to the SCJ #DemsareFrauds #DemsAreDone,0,0.842105263157895,,,
What‚Äôs the difference between #Kavanaugh and One of these men admitted to groping a 15 year old girl years ago. The other is going to be #confirmed to the SCJ #DemsareFrauds #DemsAreDone #WalkAwayDemocrats2018,0,0.868421052631579,,,
What‚Äôs the difference between #Kavanaugh and One of these men admitted to groping a 15 year old girl years ago. The other is going to be #confirmed to the SCJ #DemsareFrauds #DemsAreDone #WalkAwayDemocrats2018 #redwave,0,0.894736842105263,,,
What‚Äôs the difference between #Kavanaugh and One of these men admitted to groping a 15 year old girl years ago. The other is going to be #confirmed to the SCJ #DemsareFrauds #DemsAreDone #WalkAwayDemocrats2018 #redwave #VoteRedSaveAmerica,0,0.921052631578947,,,
What‚Äôs the difference between #Kavanaugh and One of these men admitted to groping a 15 year old girl years ago. The other is going to be #confirmed to the SCJ #DemsareFrauds #DemsAreDone #WalkAwayDemocrats2018 #redwave #VoteRedSaveAmerica #trumptrain,0,0.947368421052632,,,
What‚Äôs the difference between #Kavanaugh and One of these men admitted to groping a 15 year old girl years ago. The other is going to be #confirmed to the SCJ #DemsareFrauds #DemsAreDone #WalkAwayDemocrats2018 #redwave #VoteRedSaveAmerica #trumptrain #MAGA,0,0.973684210526316,,,
What‚Äôs the difference between #Kavanaugh and One of these men admitted to groping a 15 year old girl years ago. The other is going to be #confirmed to the SCJ #DemsareFrauds #DemsAreDone #WalkAwayDemocrats2018 #redwave #VoteRedSaveAmerica #trumptrain #MAGA URL,0,1,,,
you,1,0.0625,,,
you are,1,0.125,,,
you are a,1,0.1875,,,
you are a lying,1,0.25,,,
you are a lying corrupt,1,0.3125,,,
you are a lying corrupt traitor!!!,1,0.375,,,
you are a lying corrupt traitor!!! Nobody,1,0.4375,,,
you are a lying corrupt traitor!!! Nobody wants,1,0.5,,,
you are a lying corrupt traitor!!! Nobody wants to,1,0.5625,,,
you are a lying corrupt traitor!!! Nobody wants to hear,1,0.625,,,
you are a lying corrupt traitor!!! Nobody wants to hear anymore,1,0.6875,,,
you are a lying corrupt traitor!!! Nobody wants to hear anymore of,1,0.75,,,
you are a lying corrupt traitor!!! Nobody wants to hear anymore of your,1,0.8125,,,
you are a lying corrupt traitor!!! Nobody wants to hear anymore of your lies!!!,1,0.875,,,
you are a lying corrupt traitor!!! Nobody wants to hear anymore of your lies!!! #DeepStateCorruption,1,0.9375,,,
you are a lying corrupt traitor!!! Nobody wants to hear anymore of your lies!!! #DeepStateCorruption URL,1,1,,,
It,0,0.0769230769230769,,,
It should,0,0.153846153846154,,,
It should scare,0,0.230769230769231,,,
It should scare every,0,0.307692307692308,,,
It should scare every American!,0,0.384615384615385,,,
It should scare every American! She,0,0.461538461538462,,,
It should scare every American! She is,0,0.538461538461538,,,
It should scare every American! She is playing,0,0.615384615384615,,,
It should scare every American! She is playing Hockey,0,0.692307692307692,,,
It should scare every American! She is playing Hockey with,0,0.769230769230769,,,
It should scare every American! She is playing Hockey with a,0,0.846153846153846,,,
It should scare every American! She is playing Hockey with a warped,0,0.923076923076923,,,
It should scare every American! She is playing Hockey with a warped puck!,0,1,,,
I,0,0.0714285714285714,,,
I like,0,0.142857142857143,,,
I like my,0,0.214285714285714,,,
I like my soda,0,0.285714285714286,,,
I like my soda like,0,0.357142857142857,,,
I like my soda like I,0,0.428571428571429,,,
I like my soda like I like,0,0.5,,,
I like my soda like I like my,0,0.571428571428571,,,
I like my soda like I like my boarders,0,0.642857142857143,,,
I like my soda like I like my boarders with,0,0.714285714285714,,,
I like my soda like I like my boarders with a,0,0.785714285714286,,,
I like my soda like I like my boarders with a lot,0,0.857142857142857,,,
I like my soda like I like my boarders with a lot of,0,0.928571428571429,,,
I like my soda like I like my boarders with a lot of ICE.,0,1,,,
you,0,0.142857142857143,,,
you are,0,0.285714285714286,,,
you are also,0,0.428571428571429,,,
you are also the,0,0.571428571428571,,,
you are also the king,0,0.714285714285714,,,
you are also the king of,0,0.857142857142857,,,
you are also the king of taste,0,1,,,
#MAGA,0,0.032258064516129,,,
#MAGA üé∂,0,0.0645161290322581,,,
#MAGA üé∂ Sing,0,0.0967741935483871,,,
#MAGA üé∂ Sing like,0,0.129032258064516,,,
#MAGA üé∂ Sing like no,0,0.161290322580645,,,
#MAGA üé∂ Sing like no one,0,0.193548387096774,,,
#MAGA üé∂ Sing like no one is,0,0.225806451612903,,,
#MAGA üé∂ Sing like no one is listening,0,0.258064516129032,,,
#MAGA üé∂ Sing like no one is listening ‚ô•Ô∏è,0,0.290322580645161,,,
#MAGA üé∂ Sing like no one is listening ‚ô•Ô∏è Love,0,0.32258064516129,,,
#MAGA üé∂ Sing like no one is listening ‚ô•Ô∏è Love like,0,0.354838709677419,,,
#MAGA üé∂ Sing like no one is listening ‚ô•Ô∏è Love like you've,0,0.387096774193548,,,
#MAGA üé∂ Sing like no one is listening ‚ô•Ô∏è Love like you've never,0,0.419354838709677,,,
#MAGA üé∂ Sing like no one is listening ‚ô•Ô∏è Love like you've never been,0,0.451612903225806,,,
#MAGA üé∂ Sing like no one is listening ‚ô•Ô∏è Love like you've never been hurt,0,0.483870967741936,,,
#MAGA üé∂ Sing like no one is listening ‚ô•Ô∏è Love like you've never been hurt ‚úîÔ∏è,0,0.516129032258065,,,
#MAGA üé∂ Sing like no one is listening ‚ô•Ô∏è Love like you've never been hurt ‚úîÔ∏è Vote,0,0.548387096774194,,,
#MAGA üé∂ Sing like no one is listening ‚ô•Ô∏è Love like you've never been hurt ‚úîÔ∏è Vote GOP,0,0.580645161290323,,,
#MAGA üé∂ Sing like no one is listening ‚ô•Ô∏è Love like you've never been hurt ‚úîÔ∏è Vote GOP when,0,0.612903225806452,,,
#MAGA üé∂ Sing like no one is listening ‚ô•Ô∏è Love like you've never been hurt ‚úîÔ∏è Vote GOP when no,0,0.645161290322581,,,
#MAGA üé∂ Sing like no one is listening ‚ô•Ô∏è Love like you've never been hurt ‚úîÔ∏è Vote GOP when no one,0,0.67741935483871,,,
#MAGA üé∂ Sing like no one is listening ‚ô•Ô∏è Love like you've never been hurt ‚úîÔ∏è Vote GOP when no one is,0,0.709677419354839,,,
#MAGA üé∂ Sing like no one is listening ‚ô•Ô∏è Love like you've never been hurt ‚úîÔ∏è Vote GOP when no one is watching,0,0.741935483870968,,,
#MAGA üé∂ Sing like no one is listening ‚ô•Ô∏è Love like you've never been hurt ‚úîÔ∏è Vote GOP when no one is watching üôâ,0,0.774193548387097,,,
#MAGA üé∂ Sing like no one is listening ‚ô•Ô∏è Love like you've never been hurt ‚úîÔ∏è Vote GOP when no one is watching üôâ And,0,0.806451612903226,,,
#MAGA üé∂ Sing like no one is listening ‚ô•Ô∏è Love like you've never been hurt ‚úîÔ∏è Vote GOP when no one is watching üôâ And don't,0,0.838709677419355,,,
#MAGA üé∂ Sing like no one is listening ‚ô•Ô∏è Love like you've never been hurt ‚úîÔ∏è Vote GOP when no one is watching üôâ And don't listen,0,0.870967741935484,,,
#MAGA üé∂ Sing like no one is listening ‚ô•Ô∏è Love like you've never been hurt ‚úîÔ∏è Vote GOP when no one is watching üôâ And don't listen to,0,0.903225806451613,,,
#MAGA üé∂ Sing like no one is listening ‚ô•Ô∏è Love like you've never been hurt ‚úîÔ∏è Vote GOP when no one is watching üôâ And don't listen to Liberals',0,0.935483870967742,,,
#MAGA üé∂ Sing like no one is listening ‚ô•Ô∏è Love like you've never been hurt ‚úîÔ∏è Vote GOP when no one is watching üôâ And don't listen to Liberals' dirt,0,0.967741935483871,,,
#MAGA üé∂ Sing like no one is listening ‚ô•Ô∏è Love like you've never been hurt ‚úîÔ∏è Vote GOP when no one is watching üôâ And don't listen to Liberals' dirt URL,0,1,,,
5/5:,0,0.03125,,,
5/5: The,0,0.0625,,,
5/5: The time,0,0.09375,,,
5/5: The time is,0,0.125,,,
5/5: The time is right,0,0.15625,,,
5/5: The time is right for,0,0.1875,,,
5/5: The time is right for this,0,0.21875,,,
5/5: The time is right for this House,0,0.25,,,
5/5: The time is right for this House to,0,0.28125,,,
5/5: The time is right for this House to respond,0,0.3125,,,
5/5: The time is right for this House to respond to,0,0.34375,,,
5/5: The time is right for this House to respond to the,0,0.375,,,
5/5: The time is right for this House to respond to the concerns,0,0.40625,,,
5/5: The time is right for this House to respond to the concerns of,0,0.4375,,,
5/5: The time is right for this House to respond to the concerns of all,0,0.46875,,,
5/5: The time is right for this House to respond to the concerns of all Canadians.,0,0.5,,,
5/5: The time is right for this House to respond to the concerns of all Canadians. Four,0,0.53125,,,
5/5: The time is right for this House to respond to the concerns of all Canadians. Four out,0,0.5625,,,
5/5: The time is right for this House to respond to the concerns of all Canadians. Four out of,0,0.59375,,,
5/5: The time is right for this House to respond to the concerns of all Canadians. Four out of five,0,0.625,,,
5/5: The time is right for this House to respond to the concerns of all Canadians. Four out of five Canadians,0,0.65625,,,
5/5: The time is right for this House to respond to the concerns of all Canadians. Four out of five Canadians support,0,0.6875,,,
5/5: The time is right for this House to respond to the concerns of all Canadians. Four out of five Canadians support stronger,0,0.71875,,,
5/5: The time is right for this House to respond to the concerns of all Canadians. Four out of five Canadians support stronger gun,0,0.75,,,
5/5: The time is right for this House to respond to the concerns of all Canadians. Four out of five Canadians support stronger gun control,0,0.78125,,,
5/5: The time is right for this House to respond to the concerns of all Canadians. Four out of five Canadians support stronger gun control and,0,0.8125,,,
5/5: The time is right for this House to respond to the concerns of all Canadians. Four out of five Canadians support stronger gun control and with,0,0.84375,,,
5/5: The time is right for this House to respond to the concerns of all Canadians. Four out of five Canadians support stronger gun control and with good,0,0.875,,,
5/5: The time is right for this House to respond to the concerns of all Canadians. Four out of five Canadians support stronger gun control and with good reason.‚Äù,0,0.90625,,,
5/5: The time is right for this House to respond to the concerns of all Canadians. Four out of five Canadians support stronger gun control and with good reason.‚Äù #guncontrol,0,0.9375,,,
5/5: The time is right for this House to respond to the concerns of all Canadians. Four out of five Canadians support stronger gun control and with good reason.‚Äù #guncontrol #cdnpoli,0,0.96875,,,
"5/5: The time is right for this House to respond to the concerns of all Canadians. Four out of five Canadians support stronger gun control and with good reason.‚Äù #guncontrol #cdnpoli #cdnhist""",0,1,,,
Besides,0,0.0454545454545455,,,
Besides Jax‚Äôs,0,0.0909090909090909,,,
Besides Jax‚Äôs mom,0,0.136363636363636,,,
Besides Jax‚Äôs mom and,0,0.181818181818182,,,
Besides Jax‚Äôs mom and maybe,0,0.227272727272727,,,
Besides Jax‚Äôs mom and maybe Ope,0,0.272727272727273,,,
Besides Jax‚Äôs mom and maybe Ope he,0,0.318181818181818,,,
Besides Jax‚Äôs mom and maybe Ope he is,0,0.363636363636364,,,
Besides Jax‚Äôs mom and maybe Ope he is hands,0,0.409090909090909,,,
Besides Jax‚Äôs mom and maybe Ope he is hands down,0,0.454545454545455,,,
Besides Jax‚Äôs mom and maybe Ope he is hands down my,0,0.5,,,
Besides Jax‚Äôs mom and maybe Ope he is hands down my favorite,0,0.545454545454545,,,
Besides Jax‚Äôs mom and maybe Ope he is hands down my favorite he‚Äôs,0,0.590909090909091,,,
Besides Jax‚Äôs mom and maybe Ope he is hands down my favorite he‚Äôs like,0,0.636363636363636,,,
Besides Jax‚Äôs mom and maybe Ope he is hands down my favorite he‚Äôs like the,0,0.681818181818182,,,
Besides Jax‚Äôs mom and maybe Ope he is hands down my favorite he‚Äôs like the only,0,0.727272727272727,,,
Besides Jax‚Äôs mom and maybe Ope he is hands down my favorite he‚Äôs like the only good,0,0.772727272727273,,,
Besides Jax‚Äôs mom and maybe Ope he is hands down my favorite he‚Äôs like the only good person,0,0.818181818181818,,,
Besides Jax‚Äôs mom and maybe Ope he is hands down my favorite he‚Äôs like the only good person on,0,0.863636363636364,,,
Besides Jax‚Äôs mom and maybe Ope he is hands down my favorite he‚Äôs like the only good person on the,0,0.909090909090909,,,
Besides Jax‚Äôs mom and maybe Ope he is hands down my favorite he‚Äôs like the only good person on the show,0,0.954545454545455,,,
Besides Jax‚Äôs mom and maybe Ope he is hands down my favorite he‚Äôs like the only good person on the show üòÇ,0,1,,,
gun,1,0.1,,,
gun control!,1,0.2,,,
gun control! That,1,0.3,,,
gun control! That is,1,0.4,,,
gun control! That is all,1,0.5,,,
gun control! That is all these,1,0.6,,,
gun control! That is all these kids,1,0.7,,,
gun control! That is all these kids are,1,0.8,,,
gun control! That is all these kids are asking,1,0.9,,,
gun control! That is all these kids are asking for!,1,1,,,
LOL!!!,1,0.0769230769230769,,,
LOL!!! Throwing,1,0.153846153846154,,,
LOL!!! Throwing the,1,0.230769230769231,,,
LOL!!! Throwing the BULLSHIT,1,0.307692307692308,,,
LOL!!! Throwing the BULLSHIT Flag,1,0.384615384615385,,,
LOL!!! Throwing the BULLSHIT Flag on,1,0.461538461538462,,,
LOL!!! Throwing the BULLSHIT Flag on such,1,0.538461538461538,,,
LOL!!! Throwing the BULLSHIT Flag on such nonsense!!,1,0.615384615384615,,,
LOL!!! Throwing the BULLSHIT Flag on such nonsense!! #PutUpOrShutUp,1,0.692307692307692,,,
LOL!!! Throwing the BULLSHIT Flag on such nonsense!! #PutUpOrShutUp #Kavanaugh,1,0.769230769230769,,,
LOL!!! Throwing the BULLSHIT Flag on such nonsense!! #PutUpOrShutUp #Kavanaugh #MAGA,1,0.846153846153846,,,
LOL!!! Throwing the BULLSHIT Flag on such nonsense!! #PutUpOrShutUp #Kavanaugh #MAGA #CallTheVoteAlready,1,0.923076923076923,,,
LOL!!! Throwing the BULLSHIT Flag on such nonsense!! #PutUpOrShutUp #Kavanaugh #MAGA #CallTheVoteAlready URL,1,1,,,
You,0,0.333333333333333,,,
You are,0,0.666666666666667,,,
You are correct.,0,1,,,
Kind,1,0.0666666666666667,,,
Kind of,1,0.133333333333333,,,
Kind of like,1,0.2,,,
Kind of like when,1,0.266666666666667,,,
Kind of like when conservatives,1,0.333333333333333,,,
Kind of like when conservatives wanna,1,0.4,,,
Kind of like when conservatives wanna associate,1,0.466666666666667,,,
Kind of like when conservatives wanna associate everyone,1,0.533333333333333,,,
Kind of like when conservatives wanna associate everyone to,1,0.6,,,
Kind of like when conservatives wanna associate everyone to their,1,0.666666666666667,,,
Kind of like when conservatives wanna associate everyone to their left,1,0.733333333333333,,,
Kind of like when conservatives wanna associate everyone to their left as,1,0.8,,,
Kind of like when conservatives wanna associate everyone to their left as communist,1,0.866666666666667,,,
Kind of like when conservatives wanna associate everyone to their left as communist antifa,1,0.933333333333333,,,
Kind of like when conservatives wanna associate everyone to their left as communist antifa members?,1,1,,,
Da,1,0.0476190476190476,,,
Da fuck,1,0.0952380952380952,,,
Da fuck is,1,0.142857142857143,,,
Da fuck is going,1,0.19047619047619,,,
Da fuck is going on,1,0.238095238095238,,,
Da fuck is going on people?,1,0.285714285714286,,,
Da fuck is going on people? There's,1,0.333333333333333,,,
Da fuck is going on people? There's the,1,0.380952380952381,,,
Da fuck is going on people? There's the men's,1,0.428571428571429,,,
Da fuck is going on people? There's the men's room,1,0.476190476190476,,,
Da fuck is going on people? There's the men's room and,1,0.523809523809524,,,
Da fuck is going on people? There's the men's room and the,1,0.571428571428571,,,
Da fuck is going on people? There's the men's room and the women's,1,0.619047619047619,,,
Da fuck is going on people? There's the men's room and the women's room,1,0.666666666666667,,,
Da fuck is going on people? There's the men's room and the women's room Pick,1,0.714285714285714,,,
Da fuck is going on people? There's the men's room and the women's room Pick one,1,0.761904761904762,,,
Da fuck is going on people? There's the men's room and the women's room Pick one and,1,0.80952380952381,,,
Da fuck is going on people? There's the men's room and the women's room Pick one and stick,1,0.857142857142857,,,
Da fuck is going on people? There's the men's room and the women's room Pick one and stick w,1,0.904761904761905,,,
Da fuck is going on people? There's the men's room and the women's room Pick one and stick w it,1,0.952380952380952,,,
Da fuck is going on people? There's the men's room and the women's room Pick one and stick w it ü§î,1,1,,,
Been,0,0.0333333333333333,,,
Been a,0,0.0666666666666667,,,
Been a Willie,0,0.1,,,
Been a Willie fan,0,0.133333333333333,,,
Been a Willie fan since,0,0.166666666666667,,,
Been a Willie fan since before,0,0.2,,,
Been a Willie fan since before most,0,0.233333333333333,,,
Been a Willie fan since before most of,0,0.266666666666667,,,
Been a Willie fan since before most of you,0,0.3,,,
Been a Willie fan since before most of you were,0,0.333333333333333,,,
Been a Willie fan since before most of you were born....LOVE,0,0.366666666666667,,,
Been a Willie fan since before most of you were born....LOVE that,0,0.4,,,
Been a Willie fan since before most of you were born....LOVE that he,0,0.433333333333333,,,
Been a Willie fan since before most of you were born....LOVE that he is,0,0.466666666666667,,,
Been a Willie fan since before most of you were born....LOVE that he is holding,0,0.5,,,
Been a Willie fan since before most of you were born....LOVE that he is holding a,0,0.533333333333333,,,
Been a Willie fan since before most of you were born....LOVE that he is holding a rally,0,0.566666666666667,,,
Been a Willie fan since before most of you were born....LOVE that he is holding a rally with,0,0.6,,,
Been a Willie fan since before most of you were born....LOVE that he is holding a rally with Beto....,0,0.633333333333333,,,
Been a Willie fan since before most of you were born....LOVE that he is holding a rally with Beto.... Exactly,0,0.666666666666667,,,
Been a Willie fan since before most of you were born....LOVE that he is holding a rally with Beto.... Exactly WHICH,0,0.7,,,
Been a Willie fan since before most of you were born....LOVE that he is holding a rally with Beto.... Exactly WHICH fans,0,0.733333333333333,,,
Been a Willie fan since before most of you were born....LOVE that he is holding a rally with Beto.... Exactly WHICH fans are,0,0.766666666666667,,,
Been a Willie fan since before most of you were born....LOVE that he is holding a rally with Beto.... Exactly WHICH fans are furious?,0,0.8,,,
Been a Willie fan since before most of you were born....LOVE that he is holding a rally with Beto.... Exactly WHICH fans are furious? Could,0,0.833333333333333,,,
Been a Willie fan since before most of you were born....LOVE that he is holding a rally with Beto.... Exactly WHICH fans are furious? Could you,0,0.866666666666667,,,
Been a Willie fan since before most of you were born....LOVE that he is holding a rally with Beto.... Exactly WHICH fans are furious? Could you give,0,0.9,,,
Been a Willie fan since before most of you were born....LOVE that he is holding a rally with Beto.... Exactly WHICH fans are furious? Could you give some,0,0.933333333333333,,,
Been a Willie fan since before most of you were born....LOVE that he is holding a rally with Beto.... Exactly WHICH fans are furious? Could you give some specifics?,0,0.966666666666667,,,
Been a Willie fan since before most of you were born....LOVE that he is holding a rally with Beto.... Exactly WHICH fans are furious? Could you give some specifics? URL,0,1,,,
Tbh,1,0.0476190476190476,,,
Tbh these,1,0.0952380952380952,,,
Tbh these days,1,0.142857142857143,,,
Tbh these days i,1,0.19047619047619,,,
Tbh these days i just,1,0.238095238095238,,,
Tbh these days i just don't,1,0.285714285714286,,,
Tbh these days i just don't like,1,0.333333333333333,,,
Tbh these days i just don't like people,1,0.380952380952381,,,
Tbh these days i just don't like people in,1,0.428571428571429,,,
Tbh these days i just don't like people in general,1,0.476190476190476,,,
Tbh these days i just don't like people in general i,1,0.523809523809524,,,
Tbh these days i just don't like people in general i just,1,0.571428571428571,,,
Tbh these days i just don't like people in general i just don't,1,0.619047619047619,,,
Tbh these days i just don't like people in general i just don't connect,1,0.666666666666667,,,
Tbh these days i just don't like people in general i just don't connect with,1,0.714285714285714,,,
Tbh these days i just don't like people in general i just don't connect with people,1,0.761904761904762,,,
Tbh these days i just don't like people in general i just don't connect with people these,1,0.80952380952381,,,
Tbh these days i just don't like people in general i just don't connect with people these days,1,0.857142857142857,,,
Tbh these days i just don't like people in general i just don't connect with people these days just,1,0.904761904761905,,,
Tbh these days i just don't like people in general i just don't connect with people these days just a,1,0.952380952380952,,,
Tbh these days i just don't like people in general i just don't connect with people these days just a annoyance..,1,1,,,
South,0,0.0666666666666667,,,
South Korean,0,0.133333333333333,,,
South Korean Official:,0,0.2,,,
South Korean Official: ‚ÄúLeaders,0,0.266666666666667,,,
South Korean Official: ‚ÄúLeaders will,0,0.333333333333333,,,
South Korean Official: ‚ÄúLeaders will discuss,0,0.4,,,
South Korean Official: ‚ÄúLeaders will discuss specific,0,0.466666666666667,,,
South Korean Official: ‚ÄúLeaders will discuss specific denuke,0,0.533333333333333,,,
South Korean Official: ‚ÄúLeaders will discuss specific denuke measures,0,0.6,,,
South Korean Official: ‚ÄúLeaders will discuss specific denuke measures in,0,0.666666666666667,,,
"South Korean Official: ‚ÄúLeaders will discuss specific denuke measures in Pyongyang‚Äù""",0,0.733333333333333,,,
"South Korean Official: ‚ÄúLeaders will discuss specific denuke measures in Pyongyang‚Äù"" URL",0,0.8,,,
"South Korean Official: ‚ÄúLeaders will discuss specific denuke measures in Pyongyang‚Äù"" URL #TCOT",0,0.866666666666667,,,
"South Korean Official: ‚ÄúLeaders will discuss specific denuke measures in Pyongyang‚Äù"" URL #TCOT #MAGA",0,0.933333333333333,,,
"South Korean Official: ‚ÄúLeaders will discuss specific denuke measures in Pyongyang‚Äù"" URL #TCOT #MAGA #RedNationRising""",0,1,,,
You,0,0.125,,,
You can,0,0.25,,,
You can tell,0,0.375,,,
You can tell he,0,0.5,,,
You can tell he is,0,0.625,,,
You can tell he is a,0,0.75,,,
You can tell he is a hooper,0,0.875,,,
You can tell he is a hooper too,0,1,,,
I,0,0.111111111111111,,,
I feel,0,0.222222222222222,,,
I feel like,0,0.333333333333333,,,
I feel like he,0,0.444444444444444,,,
I feel like he is,0,0.555555555555556,,,
I feel like he is better,0,0.666666666666667,,,
I feel like he is better chasing,0,0.777777777777778,,,
I feel like he is better chasing the,0,0.888888888888889,,,
I feel like he is better chasing the title,0,1,,,
She?,0,0.0222222222222222,,,
She? To,0,0.0444444444444444,,,
She? To whom,0,0.0666666666666667,,,
She? To whom are,0,0.0888888888888889,,,
She? To whom are you,0,0.111111111111111,,,
She? To whom are you referring,0,0.133333333333333,,,
She? To whom are you referring to?,0,0.155555555555556,,,
She? To whom are you referring to? Hillary?,0,0.177777777777778,,,
She? To whom are you referring to? Hillary? You,0,0.2,,,
She? To whom are you referring to? Hillary? You know,0,0.222222222222222,,,
She? To whom are you referring to? Hillary? You know what,0,0.244444444444444,,,
She? To whom are you referring to? Hillary? You know what is,0,0.266666666666667,,,
She? To whom are you referring to? Hillary? You know what is tiresome?,0,0.288888888888889,,,
She? To whom are you referring to? Hillary? You know what is tiresome? Bernie,0,0.311111111111111,,,
She? To whom are you referring to? Hillary? You know what is tiresome? Bernie supporters,0,0.333333333333333,,,
She? To whom are you referring to? Hillary? You know what is tiresome? Bernie supporters bashing,0,0.355555555555556,,,
She? To whom are you referring to? Hillary? You know what is tiresome? Bernie supporters bashing Hillary,0,0.377777777777778,,,
She? To whom are you referring to? Hillary? You know what is tiresome? Bernie supporters bashing Hillary Clinton.,0,0.4,,,
She? To whom are you referring to? Hillary? You know what is tiresome? Bernie supporters bashing Hillary Clinton. She,0,0.422222222222222,,,
She? To whom are you referring to? Hillary? You know what is tiresome? Bernie supporters bashing Hillary Clinton. She is,0,0.444444444444444,,,
She? To whom are you referring to? Hillary? You know what is tiresome? Bernie supporters bashing Hillary Clinton. She is an,0,0.466666666666667,,,
She? To whom are you referring to? Hillary? You know what is tiresome? Bernie supporters bashing Hillary Clinton. She is an actual,0,0.488888888888889,,,
She? To whom are you referring to? Hillary? You know what is tiresome? Bernie supporters bashing Hillary Clinton. She is an actual Democrat,0,0.511111111111111,,,
She? To whom are you referring to? Hillary? You know what is tiresome? Bernie supporters bashing Hillary Clinton. She is an actual Democrat who,0,0.533333333333333,,,
She? To whom are you referring to? Hillary? You know what is tiresome? Bernie supporters bashing Hillary Clinton. She is an actual Democrat who raises,0,0.555555555555556,,,
She? To whom are you referring to? Hillary? You know what is tiresome? Bernie supporters bashing Hillary Clinton. She is an actual Democrat who raises money,0,0.577777777777778,,,
She? To whom are you referring to? Hillary? You know what is tiresome? Bernie supporters bashing Hillary Clinton. She is an actual Democrat who raises money for,0,0.6,,,
She? To whom are you referring to? Hillary? You know what is tiresome? Bernie supporters bashing Hillary Clinton. She is an actual Democrat who raises money for the,0,0.622222222222222,,,
She? To whom are you referring to? Hillary? You know what is tiresome? Bernie supporters bashing Hillary Clinton. She is an actual Democrat who raises money for the Democratic,0,0.644444444444445,,,
She? To whom are you referring to? Hillary? You know what is tiresome? Bernie supporters bashing Hillary Clinton. She is an actual Democrat who raises money for the Democratic Party,0,0.666666666666667,,,
She? To whom are you referring to? Hillary? You know what is tiresome? Bernie supporters bashing Hillary Clinton. She is an actual Democrat who raises money for the Democratic Party and,0,0.688888888888889,,,
She? To whom are you referring to? Hillary? You know what is tiresome? Bernie supporters bashing Hillary Clinton. She is an actual Democrat who raises money for the Democratic Party and doesn‚Äôt,0,0.711111111111111,,,
She? To whom are you referring to? Hillary? You know what is tiresome? Bernie supporters bashing Hillary Clinton. She is an actual Democrat who raises money for the Democratic Party and doesn‚Äôt bash,0,0.733333333333333,,,
She? To whom are you referring to? Hillary? You know what is tiresome? Bernie supporters bashing Hillary Clinton. She is an actual Democrat who raises money for the Democratic Party and doesn‚Äôt bash them.,0,0.755555555555556,,,
She? To whom are you referring to? Hillary? You know what is tiresome? Bernie supporters bashing Hillary Clinton. She is an actual Democrat who raises money for the Democratic Party and doesn‚Äôt bash them. She,0,0.777777777777778,,,
She? To whom are you referring to? Hillary? You know what is tiresome? Bernie supporters bashing Hillary Clinton. She is an actual Democrat who raises money for the Democratic Party and doesn‚Äôt bash them. She has,0,0.8,,,
She? To whom are you referring to? Hillary? You know what is tiresome? Bernie supporters bashing Hillary Clinton. She is an actual Democrat who raises money for the Democratic Party and doesn‚Äôt bash them. She has a,0,0.822222222222222,,,
She? To whom are you referring to? Hillary? You know what is tiresome? Bernie supporters bashing Hillary Clinton. She is an actual Democrat who raises money for the Democratic Party and doesn‚Äôt bash them. She has a positive,0,0.844444444444444,,,
She? To whom are you referring to? Hillary? You know what is tiresome? Bernie supporters bashing Hillary Clinton. She is an actual Democrat who raises money for the Democratic Party and doesn‚Äôt bash them. She has a positive message.,0,0.866666666666667,,,
She? To whom are you referring to? Hillary? You know what is tiresome? Bernie supporters bashing Hillary Clinton. She is an actual Democrat who raises money for the Democratic Party and doesn‚Äôt bash them. She has a positive message. So,0,0.888888888888889,,,
She? To whom are you referring to? Hillary? You know what is tiresome? Bernie supporters bashing Hillary Clinton. She is an actual Democrat who raises money for the Democratic Party and doesn‚Äôt bash them. She has a positive message. So who,0,0.911111111111111,,,
She? To whom are you referring to? Hillary? You know what is tiresome? Bernie supporters bashing Hillary Clinton. She is an actual Democrat who raises money for the Democratic Party and doesn‚Äôt bash them. She has a positive message. So who is,0,0.933333333333333,,,
She? To whom are you referring to? Hillary? You know what is tiresome? Bernie supporters bashing Hillary Clinton. She is an actual Democrat who raises money for the Democratic Party and doesn‚Äôt bash them. She has a positive message. So who is dividing,0,0.955555555555556,,,
She? To whom are you referring to? Hillary? You know what is tiresome? Bernie supporters bashing Hillary Clinton. She is an actual Democrat who raises money for the Democratic Party and doesn‚Äôt bash them. She has a positive message. So who is dividing the,0,0.977777777777778,,,
She? To whom are you referring to? Hillary? You know what is tiresome? Bernie supporters bashing Hillary Clinton. She is an actual Democrat who raises money for the Democratic Party and doesn‚Äôt bash them. She has a positive message. So who is dividing the left?,0,1,,,
Glad,0,0.0588235294117647,,,
Glad to,0,0.117647058823529,,,
Glad to see,0,0.176470588235294,,,
Glad to see your,0,0.235294117647059,,,
Glad to see your friends,0,0.294117647058824,,,
Glad to see your friends are,0,0.352941176470588,,,
Glad to see your friends are supporting,0,0.411764705882353,,,
Glad to see your friends are supporting Metis,0,0.470588235294118,,,
Glad to see your friends are supporting Metis rights,0,0.529411764705882,,,
Glad to see your friends are supporting Metis rights as,0,0.588235294117647,,,
Glad to see your friends are supporting Metis rights as much,0,0.647058823529412,,,
Glad to see your friends are supporting Metis rights as much as,0,0.705882352941177,,,
Glad to see your friends are supporting Metis rights as much as you,0,0.764705882352941,,,
Glad to see your friends are supporting Metis rights as much as you are,0,0.823529411764706,,,
Glad to see your friends are supporting Metis rights as much as you are supporting,0,0.882352941176471,,,
Glad to see your friends are supporting Metis rights as much as you are supporting Zionists.,0,0.941176470588235,,,
Glad to see your friends are supporting Metis rights as much as you are supporting Zionists. URL,0,1,,,
Yes,0,0.0714285714285714,,,
Yes you,0,0.142857142857143,,,
Yes you are,0,0.214285714285714,,,
Yes you are but,0,0.285714285714286,,,
Yes you are but I,0,0.357142857142857,,,
Yes you are but I was,0,0.428571428571429,,,
Yes you are but I was asking,0,0.5,,,
Yes you are but I was asking what,0,0.571428571428571,,,
Yes you are but I was asking what is,0,0.642857142857143,,,
Yes you are but I was asking what is it,0,0.714285714285714,,,
Yes you are but I was asking what is it about,0,0.785714285714286,,,
Yes you are but I was asking what is it about the,0,0.857142857142857,,,
Yes you are but I was asking what is it about the movie,0,0.928571428571429,,,
Yes you are but I was asking what is it about the movie ?ü§∑‚Äç‚ôÇÔ∏èüëÄ,0,1,,,
The,1,0.037037037037037,,,
The only,1,0.0740740740740741,,,
The only thing,1,0.111111111111111,,,
The only thing the,1,0.148148148148148,,,
The only thing the Democrats,1,0.185185185185185,,,
The only thing the Democrats have,1,0.222222222222222,,,
The only thing the Democrats have is,1,0.259259259259259,,,
The only thing the Democrats have is lying,1,0.296296296296296,,,
The only thing the Democrats have is lying and,1,0.333333333333333,,,
The only thing the Democrats have is lying and stalling,1,0.37037037037037,,,
The only thing the Democrats have is lying and stalling to,1,0.407407407407407,,,
The only thing the Democrats have is lying and stalling to stop,1,0.444444444444444,,,
The only thing the Democrats have is lying and stalling to stop Trump,1,0.481481481481481,,,
The only thing the Democrats have is lying and stalling to stop Trump from,1,0.518518518518519,,,
The only thing the Democrats have is lying and stalling to stop Trump from being,1,0.555555555555556,,,
The only thing the Democrats have is lying and stalling to stop Trump from being #President.,1,0.592592592592593,,,
The only thing the Democrats have is lying and stalling to stop Trump from being #President. What,1,0.62962962962963,,,
The only thing the Democrats have is lying and stalling to stop Trump from being #President. What have,1,0.666666666666667,,,
The only thing the Democrats have is lying and stalling to stop Trump from being #President. What have they,1,0.703703703703704,,,
The only thing the Democrats have is lying and stalling to stop Trump from being #President. What have they done,1,0.740740740740741,,,
The only thing the Democrats have is lying and stalling to stop Trump from being #President. What have they done for,1,0.777777777777778,,,
The only thing the Democrats have is lying and stalling to stop Trump from being #President. What have they done for you,1,0.814814814814815,,,
The only thing the Democrats have is lying and stalling to stop Trump from being #President. What have they done for you lately.,1,0.851851851851852,,,
The only thing the Democrats have is lying and stalling to stop Trump from being #President. What have they done for you lately. #Trump,1,0.888888888888889,,,
The only thing the Democrats have is lying and stalling to stop Trump from being #President. What have they done for you lately. #Trump #Kavanaugh,1,0.925925925925926,,,
The only thing the Democrats have is lying and stalling to stop Trump from being #President. What have they done for you lately. #Trump #Kavanaugh #MAGA,1,0.962962962962963,,,
The only thing the Democrats have is lying and stalling to stop Trump from being #President. What have they done for you lately. #Trump #Kavanaugh #MAGA #DEMSUCK,1,1,,,
No,0,0.0909090909090909,,,
No wonder,0,0.181818181818182,,,
No wonder he,0,0.272727272727273,,,
No wonder he is,0,0.363636363636364,,,
No wonder he is being,0,0.454545454545455,,,
No wonder he is being apologetic,0,0.545454545454545,,,
No wonder he is being apologetic and,0,0.636363636363636,,,
No wonder he is being apologetic and more,0,0.727272727272727,,,
No wonder he is being apologetic and more social,0,0.818181818181818,,,
No wonder he is being apologetic and more social these,0,0.909090909090909,,,
No wonder he is being apologetic and more social these day....,0,1,,,
Any,0,0.0555555555555556,,,
Any updates,0,0.111111111111111,,,
Any updates re,0,0.166666666666667,,,
Any updates re ending,0,0.222222222222222,,,
Any updates re ending your,0,0.277777777777778,,,
Any updates re ending your blatant,0,0.333333333333333,,,
Any updates re ending your blatant #racism,0,0.388888888888889,,,
Any updates re ending your blatant #racism as,0,0.444444444444444,,,
Any updates re ending your blatant #racism as #Windrush,0,0.5,,,
Any updates re ending your blatant #racism as #Windrush &amp,0,0.555555555555556,,,
Any updates re ending your blatant #racism as #Windrush &amp #Grenfell,0,0.611111111111111,,,
Any updates re ending your blatant #racism as #Windrush &amp #Grenfell proves,0,0.666666666666667,,,
Any updates re ending your blatant #racism as #Windrush &amp #Grenfell proves you,0,0.722222222222222,,,
Any updates re ending your blatant #racism as #Windrush &amp #Grenfell proves you are,0,0.777777777777778,,,
Any updates re ending your blatant #racism as #Windrush &amp #Grenfell proves you are #alloutpolitics,0,0.833333333333333,,,
Any updates re ending your blatant #racism as #Windrush &amp #Grenfell proves you are #alloutpolitics #politicslive,0,0.888888888888889,,,
Any updates re ending your blatant #racism as #Windrush &amp #Grenfell proves you are #alloutpolitics #politicslive #PMQs,0,0.944444444444444,,,
Any updates re ending your blatant #racism as #Windrush &amp #Grenfell proves you are #alloutpolitics #politicslive #PMQs URL,0,1,,,
Do,0,0.0357142857142857,,,
Do you,0,0.0714285714285714,,,
Do you know,0,0.107142857142857,,,
Do you know what‚Äôs,0,0.142857142857143,,,
Do you know what‚Äôs going,0,0.178571428571429,,,
Do you know what‚Äôs going to,0,0.214285714285714,,,
Do you know what‚Äôs going to happen,0,0.25,,,
Do you know what‚Äôs going to happen now?,0,0.285714285714286,,,
Do you know what‚Äôs going to happen now? I‚Äôm,0,0.321428571428571,,,
Do you know what‚Äôs going to happen now? I‚Äôm going,0,0.357142857142857,,,
Do you know what‚Äôs going to happen now? I‚Äôm going to,0,0.392857142857143,,,
Do you know what‚Äôs going to happen now? I‚Äôm going to have,0,0.428571428571429,,,
Do you know what‚Äôs going to happen now? I‚Äôm going to have to,0,0.464285714285714,,,
Do you know what‚Äôs going to happen now? I‚Äôm going to have to lay,0,0.5,,,
Do you know what‚Äôs going to happen now? I‚Äôm going to have to lay in,0,0.535714285714286,,,
Do you know what‚Äôs going to happen now? I‚Äôm going to have to lay in bed,0,0.571428571428571,,,
Do you know what‚Äôs going to happen now? I‚Äôm going to have to lay in bed and,0,0.607142857142857,,,
Do you know what‚Äôs going to happen now? I‚Äôm going to have to lay in bed and cry,0,0.642857142857143,,,
Do you know what‚Äôs going to happen now? I‚Äôm going to have to lay in bed and cry while,0,0.678571428571429,,,
Do you know what‚Äôs going to happen now? I‚Äôm going to have to lay in bed and cry while I,0,0.714285714285714,,,
Do you know what‚Äôs going to happen now? I‚Äôm going to have to lay in bed and cry while I listen,0,0.75,,,
Do you know what‚Äôs going to happen now? I‚Äôm going to have to lay in bed and cry while I listen to,0,0.785714285714286,,,
Do you know what‚Äôs going to happen now? I‚Äôm going to have to lay in bed and cry while I listen to Kelly,0,0.821428571428571,,,
Do you know what‚Äôs going to happen now? I‚Äôm going to have to lay in bed and cry while I listen to Kelly Clarkson.,0,0.857142857142857,,,
Do you know what‚Äôs going to happen now? I‚Äôm going to have to lay in bed and cry while I listen to Kelly Clarkson. Thanks,0,0.892857142857143,,,
Do you know what‚Äôs going to happen now? I‚Äôm going to have to lay in bed and cry while I listen to Kelly Clarkson. Thanks free,0,0.928571428571429,,,
Do you know what‚Äôs going to happen now? I‚Äôm going to have to lay in bed and cry while I listen to Kelly Clarkson. Thanks free speech,0,0.964285714285714,,,
Do you know what‚Äôs going to happen now? I‚Äôm going to have to lay in bed and cry while I listen to Kelly Clarkson. Thanks free speech antifa.,0,1,,,
You,1,0.0555555555555556,,,
You are,1,0.111111111111111,,,
You are not,1,0.166666666666667,,,
You are not very,1,0.222222222222222,,,
You are not very smart,1,0.277777777777778,,,
You are not very smart are,1,0.333333333333333,,,
You are not very smart are you?,1,0.388888888888889,,,
You are not very smart are you? Why,1,0.444444444444444,,,
You are not very smart are you? Why do,1,0.5,,,
You are not very smart are you? Why do you,1,0.555555555555556,,,
You are not very smart are you? Why do you think,1,0.611111111111111,,,
You are not very smart are you? Why do you think Gen,1,0.666666666666667,,,
You are not very smart are you? Why do you think Gen Flynn‚Äôs,1,0.722222222222222,,,
You are not very smart are you? Why do you think Gen Flynn‚Äôs sentencing,1,0.777777777777778,,,
You are not very smart are you? Why do you think Gen Flynn‚Äôs sentencing keeps,1,0.833333333333333,,,
You are not very smart are you? Why do you think Gen Flynn‚Äôs sentencing keeps being,1,0.888888888888889,,,
You are not very smart are you? Why do you think Gen Flynn‚Äôs sentencing keeps being rescheduled?,1,0.944444444444444,,,
You are not very smart are you? Why do you think Gen Flynn‚Äôs sentencing keeps being rescheduled? URL,1,1,,,
That's,1,0.1,,,
That's expected,1,0.2,,,
That's expected if,1,0.3,,,
That's expected if you,1,0.4,,,
That's expected if you placate,1,0.5,,,
That's expected if you placate the,1,0.6,,,
That's expected if you placate the violent,1,0.7,,,
That's expected if you placate the violent leftists/terrorists.,1,0.8,,,
That's expected if you placate the violent leftists/terrorists. #KavanaughConfirmation,1,0.9,,,
That's expected if you placate the violent leftists/terrorists. #KavanaughConfirmation #woke,1,1,,,
Blow,0,0.5,,,
Blow hard,0,1,,,
That,0,0.0625,,,
That means,0,0.125,,,
That means you,0,0.1875,,,
That means you are,0,0.25,,,
That means you are a,0,0.3125,,,
That means you are a max,0,0.375,,,
That means you are a max lvl.,0,0.4375,,,
That means you are a max lvl. Twitter,0,0.5,,,
That means you are a max lvl. Twitter user,0,0.5625,,,
That means you are a max lvl. Twitter user and,0,0.625,,,
That means you are a max lvl. Twitter user and maybe,0,0.6875,,,
That means you are a max lvl. Twitter user and maybe should,0,0.75,,,
That means you are a max lvl. Twitter user and maybe should try,0,0.8125,,,
That means you are a max lvl. Twitter user and maybe should try a,0,0.875,,,
That means you are a max lvl. Twitter user and maybe should try a new,0,0.9375,,,
That means you are a max lvl. Twitter user and maybe should try a new game,0,1,,,
Please,0,0.0333333333333333,,,
Please explain,0,0.0666666666666667,,,
Please explain what,0,0.1,,,
Please explain what controlled,0,0.133333333333333,,,
"Please explain what controlled opposition""",0,0.166666666666667,,,
"Please explain what controlled opposition"" means.",0,0.2,,,
"Please explain what controlled opposition"" means. As",0,0.233333333333333,,,
"Please explain what controlled opposition"" means. As for",0,0.266666666666667,,,
"Please explain what controlled opposition"" means. As for Bernier",0,0.3,,,
"Please explain what controlled opposition"" means. As for Bernier escaping,",0,0.333333333333333,,,
"Please explain what controlled opposition"" means. As for Bernier escaping, he",0,0.366666666666667,,,
"Please explain what controlled opposition"" means. As for Bernier escaping, he split",0,0.4,,,
"Please explain what controlled opposition"" means. As for Bernier escaping, he split with",0,0.433333333333333,,,
"Please explain what controlled opposition"" means. As for Bernier escaping, he split with the",0,0.466666666666667,,,
"Please explain what controlled opposition"" means. As for Bernier escaping, he split with the rest",0,0.5,,,
"Please explain what controlled opposition"" means. As for Bernier escaping, he split with the rest of",0,0.533333333333333,,,
"Please explain what controlled opposition"" means. As for Bernier escaping, he split with the rest of the",0,0.566666666666667,,,
"Please explain what controlled opposition"" means. As for Bernier escaping, he split with the rest of the Conservatives",0,0.6,,,
"Please explain what controlled opposition"" means. As for Bernier escaping, he split with the rest of the Conservatives because",0,0.633333333333333,,,
"Please explain what controlled opposition"" means. As for Bernier escaping, he split with the rest of the Conservatives because he's",0,0.666666666666667,,,
"Please explain what controlled opposition"" means. As for Bernier escaping, he split with the rest of the Conservatives because he's even",0,0.7,,,
"Please explain what controlled opposition"" means. As for Bernier escaping, he split with the rest of the Conservatives because he's even more",0,0.733333333333333,,,
"Please explain what controlled opposition"" means. As for Bernier escaping, he split with the rest of the Conservatives because he's even more racist",0,0.766666666666667,,,
"Please explain what controlled opposition"" means. As for Bernier escaping, he split with the rest of the Conservatives because he's even more racist and",0,0.8,,,
"Please explain what controlled opposition"" means. As for Bernier escaping, he split with the rest of the Conservatives because he's even more racist and exclusionary",0,0.833333333333333,,,
"Please explain what controlled opposition"" means. As for Bernier escaping, he split with the rest of the Conservatives because he's even more racist and exclusionary than",0,0.866666666666667,,,
"Please explain what controlled opposition"" means. As for Bernier escaping, he split with the rest of the Conservatives because he's even more racist and exclusionary than they",0,0.9,,,
"Please explain what controlled opposition"" means. As for Bernier escaping, he split with the rest of the Conservatives because he's even more racist and exclusionary than they want",0,0.933333333333333,,,
"Please explain what controlled opposition"" means. As for Bernier escaping, he split with the rest of the Conservatives because he's even more racist and exclusionary than they want to",0,0.966666666666667,,,
"Please explain what controlled opposition"" means. As for Bernier escaping, he split with the rest of the Conservatives because he's even more racist and exclusionary than they want to be.""",0,1,,,
Socialists,0,0.0384615384615385,,,
Socialists politics,0,0.0769230769230769,,,
Socialists politics that,0,0.115384615384615,,,
Socialists politics that stand,0,0.153846153846154,,,
Socialists politics that stand up,0,0.192307692307692,,,
Socialists politics that stand up for,0,0.230769230769231,,,
Socialists politics that stand up for the,0,0.269230769230769,,,
Socialists politics that stand up for the downtrodden.,0,0.307692307692308,,,
Socialists politics that stand up for the downtrodden. And,0,0.346153846153846,,,
Socialists politics that stand up for the downtrodden. And well,0,0.384615384615385,,,
Socialists politics that stand up for the downtrodden. And well done,0,0.423076923076923,,,
Socialists politics that stand up for the downtrodden. And well done for,0,0.461538461538462,,,
Socialists politics that stand up for the downtrodden. And well done for conflating,0,0.5,,,
Socialists politics that stand up for the downtrodden. And well done for conflating criticism,0,0.538461538461538,,,
Socialists politics that stand up for the downtrodden. And well done for conflating criticism of,0,0.576923076923077,,,
Socialists politics that stand up for the downtrodden. And well done for conflating criticism of Israel,0,0.615384615384615,,,
Socialists politics that stand up for the downtrodden. And well done for conflating criticism of Israel with,0,0.653846153846154,,,
Socialists politics that stand up for the downtrodden. And well done for conflating criticism of Israel with anti,0,0.692307692307692,,,
Socialists politics that stand up for the downtrodden. And well done for conflating criticism of Israel with anti semitism.,0,0.730769230769231,,,
Socialists politics that stand up for the downtrodden. And well done for conflating criticism of Israel with anti semitism. You,0,0.769230769230769,,,
Socialists politics that stand up for the downtrodden. And well done for conflating criticism of Israel with anti semitism. You are,0,0.807692307692308,,,
Socialists politics that stand up for the downtrodden. And well done for conflating criticism of Israel with anti semitism. You are also,0,0.846153846153846,,,
Socialists politics that stand up for the downtrodden. And well done for conflating criticism of Israel with anti semitism. You are also part,0,0.884615384615385,,,
Socialists politics that stand up for the downtrodden. And well done for conflating criticism of Israel with anti semitism. You are also part of,0,0.923076923076923,,,
Socialists politics that stand up for the downtrodden. And well done for conflating criticism of Israel with anti semitism. You are also part of the,0,0.961538461538462,,,
Socialists politics that stand up for the downtrodden. And well done for conflating criticism of Israel with anti semitism. You are also part of the problem.,0,1,,,
3,0,0.0188679245283019,,,
3. Nina,0,0.0377358490566038,,,
3. Nina One,0,0.0566037735849057,,,
3. Nina One of,0,0.0754716981132075,,,
3. Nina One of the,0,0.0943396226415094,,,
3. Nina One of the reasons,0,0.113207547169811,,,
3. Nina One of the reasons I,0,0.132075471698113,,,
3. Nina One of the reasons I didn't,0,0.150943396226415,,,
3. Nina One of the reasons I didn't read,0,0.169811320754717,,,
3. Nina One of the reasons I didn't read this,0,0.188679245283019,,,
3. Nina One of the reasons I didn't read this book,0,0.207547169811321,,,
3. Nina One of the reasons I didn't read this book for,0,0.226415094339623,,,
3. Nina One of the reasons I didn't read this book for so,0,0.245283018867925,,,
3. Nina One of the reasons I didn't read this book for so long,0,0.264150943396226,,,
3. Nina One of the reasons I didn't read this book for so long was,0,0.283018867924528,,,
3. Nina One of the reasons I didn't read this book for so long was because,0,0.30188679245283,,,
3. Nina One of the reasons I didn't read this book for so long was because I,0,0.320754716981132,,,
3. Nina One of the reasons I didn't read this book for so long was because I was,0,0.339622641509434,,,
3. Nina One of the reasons I didn't read this book for so long was because I was SO,0,0.358490566037736,,,
3. Nina One of the reasons I didn't read this book for so long was because I was SO WORRIED,0,0.377358490566038,,,
3. Nina One of the reasons I didn't read this book for so long was because I was SO WORRIED about,0,0.39622641509434,,,
3. Nina One of the reasons I didn't read this book for so long was because I was SO WORRIED about her,0,0.415094339622642,,,
3. Nina One of the reasons I didn't read this book for so long was because I was SO WORRIED about her character.,0,0.433962264150943,,,
3. Nina One of the reasons I didn't read this book for so long was because I was SO WORRIED about her character. I,0,0.452830188679245,,,
3. Nina One of the reasons I didn't read this book for so long was because I was SO WORRIED about her character. I should've,0,0.471698113207547,,,
3. Nina One of the reasons I didn't read this book for so long was because I was SO WORRIED about her character. I should've trusted,0,0.490566037735849,,,
3. Nina One of the reasons I didn't read this book for so long was because I was SO WORRIED about her character. I should've trusted everyone.,0,0.509433962264151,,,
3. Nina One of the reasons I didn't read this book for so long was because I was SO WORRIED about her character. I should've trusted everyone. Nina,0,0.528301886792453,,,
3. Nina One of the reasons I didn't read this book for so long was because I was SO WORRIED about her character. I should've trusted everyone. Nina is,0,0.547169811320755,,,
3. Nina One of the reasons I didn't read this book for so long was because I was SO WORRIED about her character. I should've trusted everyone. Nina is a,0,0.566037735849057,,,
3. Nina One of the reasons I didn't read this book for so long was because I was SO WORRIED about her character. I should've trusted everyone. Nina is a goddamn,0,0.584905660377359,,,
3. Nina One of the reasons I didn't read this book for so long was because I was SO WORRIED about her character. I should've trusted everyone. Nina is a goddamn goddess,0,0.60377358490566,,,
3. Nina One of the reasons I didn't read this book for so long was because I was SO WORRIED about her character. I should've trusted everyone. Nina is a goddamn goddess I,0,0.622641509433962,,,
3. Nina One of the reasons I didn't read this book for so long was because I was SO WORRIED about her character. I should've trusted everyone. Nina is a goddamn goddess I would,0,0.641509433962264,,,
3. Nina One of the reasons I didn't read this book for so long was because I was SO WORRIED about her character. I should've trusted everyone. Nina is a goddamn goddess I would die,0,0.660377358490566,,,
3. Nina One of the reasons I didn't read this book for so long was because I was SO WORRIED about her character. I should've trusted everyone. Nina is a goddamn goddess I would die for,0,0.679245283018868,,,
3. Nina One of the reasons I didn't read this book for so long was because I was SO WORRIED about her character. I should've trusted everyone. Nina is a goddamn goddess I would die for a,0,0.69811320754717,,,
3. Nina One of the reasons I didn't read this book for so long was because I was SO WORRIED about her character. I should've trusted everyone. Nina is a goddamn goddess I would die for a thousand,0,0.716981132075472,,,
3. Nina One of the reasons I didn't read this book for so long was because I was SO WORRIED about her character. I should've trusted everyone. Nina is a goddamn goddess I would die for a thousand times,0,0.735849056603774,,,
3. Nina One of the reasons I didn't read this book for so long was because I was SO WORRIED about her character. I should've trusted everyone. Nina is a goddamn goddess I would die for a thousand times over.,0,0.754716981132076,,,
3. Nina One of the reasons I didn't read this book for so long was because I was SO WORRIED about her character. I should've trusted everyone. Nina is a goddamn goddess I would die for a thousand times over. She,0,0.773584905660377,,,
3. Nina One of the reasons I didn't read this book for so long was because I was SO WORRIED about her character. I should've trusted everyone. Nina is a goddamn goddess I would die for a thousand times over. She is,0,0.792452830188679,,,
3. Nina One of the reasons I didn't read this book for so long was because I was SO WORRIED about her character. I should've trusted everyone. Nina is a goddamn goddess I would die for a thousand times over. She is big,0,0.811320754716981,,,
3. Nina One of the reasons I didn't read this book for so long was because I was SO WORRIED about her character. I should've trusted everyone. Nina is a goddamn goddess I would die for a thousand times over. She is big and,0,0.830188679245283,,,
3. Nina One of the reasons I didn't read this book for so long was because I was SO WORRIED about her character. I should've trusted everyone. Nina is a goddamn goddess I would die for a thousand times over. She is big and bold,0,0.849056603773585,,,
3. Nina One of the reasons I didn't read this book for so long was because I was SO WORRIED about her character. I should've trusted everyone. Nina is a goddamn goddess I would die for a thousand times over. She is big and bold and,0,0.867924528301887,,,
3. Nina One of the reasons I didn't read this book for so long was because I was SO WORRIED about her character. I should've trusted everyone. Nina is a goddamn goddess I would die for a thousand times over. She is big and bold and lovely,0,0.886792452830189,,,
3. Nina One of the reasons I didn't read this book for so long was because I was SO WORRIED about her character. I should've trusted everyone. Nina is a goddamn goddess I would die for a thousand times over. She is big and bold and lovely and,0,0.905660377358491,,,
3. Nina One of the reasons I didn't read this book for so long was because I was SO WORRIED about her character. I should've trusted everyone. Nina is a goddamn goddess I would die for a thousand times over. She is big and bold and lovely and PERFECT.,0,0.924528301886793,,,
3. Nina One of the reasons I didn't read this book for so long was because I was SO WORRIED about her character. I should've trusted everyone. Nina is a goddamn goddess I would die for a thousand times over. She is big and bold and lovely and PERFECT. HER,0,0.943396226415094,,,
3. Nina One of the reasons I didn't read this book for so long was because I was SO WORRIED about her character. I should've trusted everyone. Nina is a goddamn goddess I would die for a thousand times over. She is big and bold and lovely and PERFECT. HER ARC.,0,0.962264150943396,,,
3. Nina One of the reasons I didn't read this book for so long was because I was SO WORRIED about her character. I should've trusted everyone. Nina is a goddamn goddess I would die for a thousand times over. She is big and bold and lovely and PERFECT. HER ARC. IS.,0,0.981132075471698,,,
3. Nina One of the reasons I didn't read this book for so long was because I was SO WORRIED about her character. I should've trusted everyone. Nina is a goddamn goddess I would die for a thousand times over. She is big and bold and lovely and PERFECT. HER ARC. IS. PERFECT.,0,1,,,
.,0,0.0357142857142857,,,
. PLEASE,0,0.0714285714285714,,,
. PLEASE vote,0,0.107142857142857,,,
. PLEASE vote NO,0,0.142857142857143,,,
. PLEASE vote NO on,0,0.178571428571429,,,
. PLEASE vote NO on Kavanaugh.,0,0.214285714285714,,,
. PLEASE vote NO on Kavanaugh. He,0,0.25,,,
. PLEASE vote NO on Kavanaugh. He is,0,0.285714285714286,,,
. PLEASE vote NO on Kavanaugh. He is not,0,0.321428571428571,,,
. PLEASE vote NO on Kavanaugh. He is not fit,0,0.357142857142857,,,
. PLEASE vote NO on Kavanaugh. He is not fit for,0,0.392857142857143,,,
. PLEASE vote NO on Kavanaugh. He is not fit for SCOTUS,0,0.428571428571429,,,
. PLEASE vote NO on Kavanaugh. He is not fit for SCOTUS and,0,0.464285714285714,,,
. PLEASE vote NO on Kavanaugh. He is not fit for SCOTUS and allegations,0,0.5,,,
. PLEASE vote NO on Kavanaugh. He is not fit for SCOTUS and allegations about,0,0.535714285714286,,,
. PLEASE vote NO on Kavanaugh. He is not fit for SCOTUS and allegations about women,0,0.571428571428571,,,
. PLEASE vote NO on Kavanaugh. He is not fit for SCOTUS and allegations about women and,0,0.607142857142857,,,
. PLEASE vote NO on Kavanaugh. He is not fit for SCOTUS and allegations about women and shady,0,0.642857142857143,,,
. PLEASE vote NO on Kavanaugh. He is not fit for SCOTUS and allegations about women and shady financials,0,0.678571428571429,,,
. PLEASE vote NO on Kavanaugh. He is not fit for SCOTUS and allegations about women and shady financials should,0,0.714285714285714,,,
. PLEASE vote NO on Kavanaugh. He is not fit for SCOTUS and allegations about women and shady financials should disqualify,0,0.75,,,
. PLEASE vote NO on Kavanaugh. He is not fit for SCOTUS and allegations about women and shady financials should disqualify him.,0,0.785714285714286,,,
. PLEASE vote NO on Kavanaugh. He is not fit for SCOTUS and allegations about women and shady financials should disqualify him. #RuleOfLaw,0,0.821428571428571,,,
. PLEASE vote NO on Kavanaugh. He is not fit for SCOTUS and allegations about women and shady financials should disqualify him. #RuleOfLaw matters.,0,0.857142857142857,,,
. PLEASE vote NO on Kavanaugh. He is not fit for SCOTUS and allegations about women and shady financials should disqualify him. #RuleOfLaw matters. #MeToo,0,0.892857142857143,,,
. PLEASE vote NO on Kavanaugh. He is not fit for SCOTUS and allegations about women and shady financials should disqualify him. #RuleOfLaw matters. #MeToo #CountryOverParty,0,0.928571428571429,,,
. PLEASE vote NO on Kavanaugh. He is not fit for SCOTUS and allegations about women and shady financials should disqualify him. #RuleOfLaw matters. #MeToo #CountryOverParty #WithdrawKavanaugh,0,0.964285714285714,,,
. PLEASE vote NO on Kavanaugh. He is not fit for SCOTUS and allegations about women and shady financials should disqualify him. #RuleOfLaw matters. #MeToo #CountryOverParty #WithdrawKavanaugh #StopKavanaugh,0,1,,,
Ppl,0,0.0666666666666667,,,
Ppl who,0,0.133333333333333,,,
Ppl who say,0,0.2,,,
Ppl who say I'm,0,0.266666666666667,,,
Ppl who say I'm not,0,0.333333333333333,,,
"Ppl who say I'm not racist""",0,0.4,,,
"Ppl who say I'm not racist"" are",0,0.466666666666667,,,
"Ppl who say I'm not racist"" are racist.",0,0.533333333333333,,,
"Ppl who say I'm not racist"" are racist. You",0,0.6,,,
"Ppl who say I'm not racist"" are racist. You Are",0,0.666666666666667,,,
"Ppl who say I'm not racist"" are racist. You Are A",0,0.733333333333333,,,
"Ppl who say I'm not racist"" are racist. You Are A Racist.",0,0.8,,,
"Ppl who say I'm not racist"" are racist. You Are A Racist. Repeat",0,0.866666666666667,,,
"Ppl who say I'm not racist"" are racist. You Are A Racist. Repeat after",0,0.933333333333333,,,
"Ppl who say I'm not racist"" are racist. You Are A Racist. Repeat after me""",0,1,,,
Kathy,0,0.024390243902439,,,
Kathy the,0,0.0487804878048781,,,
Kathy the PatriotüóΩ,0,0.0731707317073171,,,
Kathy the PatriotüóΩ YOU,0,0.0975609756097561,,,
Kathy the PatriotüóΩ YOU HAVE,0,0.121951219512195,,,
Kathy the PatriotüóΩ YOU HAVE TO,0,0.146341463414634,,,
Kathy the PatriotüóΩ YOU HAVE TO LOVE,0,0.170731707317073,,,
Kathy the PatriotüóΩ YOU HAVE TO LOVE our,0,0.195121951219512,,,
Kathy the PatriotüóΩ YOU HAVE TO LOVE our GREAT,0,0.219512195121951,,,
Kathy the PatriotüóΩ YOU HAVE TO LOVE our GREAT PRESIDENT,0,0.24390243902439,,,
Kathy the PatriotüóΩ YOU HAVE TO LOVE our GREAT PRESIDENT TRUMP!!!,0,0.268292682926829,,,
Kathy the PatriotüóΩ YOU HAVE TO LOVE our GREAT PRESIDENT TRUMP!!! A,0,0.292682926829268,,,
Kathy the PatriotüóΩ YOU HAVE TO LOVE our GREAT PRESIDENT TRUMP!!! A SPINE,0,0.317073170731707,,,
Kathy the PatriotüóΩ YOU HAVE TO LOVE our GREAT PRESIDENT TRUMP!!! A SPINE OF,0,0.341463414634146,,,
Kathy the PatriotüóΩ YOU HAVE TO LOVE our GREAT PRESIDENT TRUMP!!! A SPINE OF U.S.,0,0.365853658536585,,,
Kathy the PatriotüóΩ YOU HAVE TO LOVE our GREAT PRESIDENT TRUMP!!! A SPINE OF U.S. STEEL!!,0,0.390243902439024,,,
Kathy the PatriotüóΩ YOU HAVE TO LOVE our GREAT PRESIDENT TRUMP!!! A SPINE OF U.S. STEEL!! CHANGING,0,0.414634146341463,,,
Kathy the PatriotüóΩ YOU HAVE TO LOVE our GREAT PRESIDENT TRUMP!!! A SPINE OF U.S. STEEL!! CHANGING IT!,0,0.439024390243902,,,
Kathy the PatriotüóΩ YOU HAVE TO LOVE our GREAT PRESIDENT TRUMP!!! A SPINE OF U.S. STEEL!! CHANGING IT! ON,0,0.463414634146342,,,
Kathy the PatriotüóΩ YOU HAVE TO LOVE our GREAT PRESIDENT TRUMP!!! A SPINE OF U.S. STEEL!! CHANGING IT! ON TRADE,0,0.487804878048781,,,
Kathy the PatriotüóΩ YOU HAVE TO LOVE our GREAT PRESIDENT TRUMP!!! A SPINE OF U.S. STEEL!! CHANGING IT! ON TRADE &amp,,0,0.51219512195122,,
Kathy the PatriotüóΩ YOU HAVE TO LOVE our GREAT PRESIDENT TRUMP!!! A SPINE OF U.S. STEEL!! CHANGING IT! ON TRADE &amp, EVERYTHING,0,0.536585365853659,,
Kathy the PatriotüóΩ YOU HAVE TO LOVE our GREAT PRESIDENT TRUMP!!! A SPINE OF U.S. STEEL!! CHANGING IT! ON TRADE &amp, EVERYTHING FOR,0,0.560975609756098,,
Kathy the PatriotüóΩ YOU HAVE TO LOVE our GREAT PRESIDENT TRUMP!!! A SPINE OF U.S. STEEL!! CHANGING IT! ON TRADE &amp, EVERYTHING FOR AMERICANS!!,0,0.585365853658537,,
Kathy the PatriotüóΩ YOU HAVE TO LOVE our GREAT PRESIDENT TRUMP!!! A SPINE OF U.S. STEEL!! CHANGING IT! ON TRADE &amp, EVERYTHING FOR AMERICANS!! #AMERICAFIRST,0,0.609756097560976,,
Kathy the PatriotüóΩ YOU HAVE TO LOVE our GREAT PRESIDENT TRUMP!!! A SPINE OF U.S. STEEL!! CHANGING IT! ON TRADE &amp, EVERYTHING FOR AMERICANS!! #AMERICAFIRST #USA,0,0.634146341463415,,
Kathy the PatriotüóΩ YOU HAVE TO LOVE our GREAT PRESIDENT TRUMP!!! A SPINE OF U.S. STEEL!! CHANGING IT! ON TRADE &amp, EVERYTHING FOR AMERICANS!! #AMERICAFIRST #USA #MAGA,0,0.658536585365854,,
Kathy the PatriotüóΩ YOU HAVE TO LOVE our GREAT PRESIDENT TRUMP!!! A SPINE OF U.S. STEEL!! CHANGING IT! ON TRADE &amp, EVERYTHING FOR AMERICANS!! #AMERICAFIRST #USA #MAGA #LEADERSHIP,0,0.682926829268293,,
Kathy the PatriotüóΩ YOU HAVE TO LOVE our GREAT PRESIDENT TRUMP!!! A SPINE OF U.S. STEEL!! CHANGING IT! ON TRADE &amp, EVERYTHING FOR AMERICANS!! #AMERICAFIRST #USA #MAGA #LEADERSHIP &amp,,0,0.707317073170732,
Kathy the PatriotüóΩ YOU HAVE TO LOVE our GREAT PRESIDENT TRUMP!!! A SPINE OF U.S. STEEL!! CHANGING IT! ON TRADE &amp, EVERYTHING FOR AMERICANS!! #AMERICAFIRST #USA #MAGA #LEADERSHIP &amp, #RESPECT,0,0.731707317073171,
Kathy the PatriotüóΩ YOU HAVE TO LOVE our GREAT PRESIDENT TRUMP!!! A SPINE OF U.S. STEEL!! CHANGING IT! ON TRADE &amp, EVERYTHING FOR AMERICANS!! #AMERICAFIRST #USA #MAGA #LEADERSHIP &amp, #RESPECT #ECONOMY,0,0.75609756097561,
Kathy the PatriotüóΩ YOU HAVE TO LOVE our GREAT PRESIDENT TRUMP!!! A SPINE OF U.S. STEEL!! CHANGING IT! ON TRADE &amp, EVERYTHING FOR AMERICANS!! #AMERICAFIRST #USA #MAGA #LEADERSHIP &amp, #RESPECT #ECONOMY #JOBS,0,0.780487804878049,
Kathy the PatriotüóΩ YOU HAVE TO LOVE our GREAT PRESIDENT TRUMP!!! A SPINE OF U.S. STEEL!! CHANGING IT! ON TRADE &amp, EVERYTHING FOR AMERICANS!! #AMERICAFIRST #USA #MAGA #LEADERSHIP &amp, #RESPECT #ECONOMY #JOBS #PEACEthruSTRENGTH,0,0.804878048780488,
Kathy the PatriotüóΩ YOU HAVE TO LOVE our GREAT PRESIDENT TRUMP!!! A SPINE OF U.S. STEEL!! CHANGING IT! ON TRADE &amp, EVERYTHING FOR AMERICANS!! #AMERICAFIRST #USA #MAGA #LEADERSHIP &amp, #RESPECT #ECONOMY #JOBS #PEACEthruSTRENGTH #GOD,0,0.829268292682927,
Kathy the PatriotüóΩ YOU HAVE TO LOVE our GREAT PRESIDENT TRUMP!!! A SPINE OF U.S. STEEL!! CHANGING IT! ON TRADE &amp, EVERYTHING FOR AMERICANS!! #AMERICAFIRST #USA #MAGA #LEADERSHIP &amp, #RESPECT #ECONOMY #JOBS #PEACEthruSTRENGTH #GOD #BLESS,0,0.853658536585366,
Kathy the PatriotüóΩ YOU HAVE TO LOVE our GREAT PRESIDENT TRUMP!!! A SPINE OF U.S. STEEL!! CHANGING IT! ON TRADE &amp, EVERYTHING FOR AMERICANS!! #AMERICAFIRST #USA #MAGA #LEADERSHIP &amp, #RESPECT #ECONOMY #JOBS #PEACEthruSTRENGTH #GOD #BLESS #TRUMP,0,0.878048780487805,
Kathy the PatriotüóΩ YOU HAVE TO LOVE our GREAT PRESIDENT TRUMP!!! A SPINE OF U.S. STEEL!! CHANGING IT! ON TRADE &amp, EVERYTHING FOR AMERICANS!! #AMERICAFIRST #USA #MAGA #LEADERSHIP &amp, #RESPECT #ECONOMY #JOBS #PEACEthruSTRENGTH #GOD #BLESS #TRUMP &amp,,0,0.902439024390244
Kathy the PatriotüóΩ YOU HAVE TO LOVE our GREAT PRESIDENT TRUMP!!! A SPINE OF U.S. STEEL!! CHANGING IT! ON TRADE &amp, EVERYTHING FOR AMERICANS!! #AMERICAFIRST #USA #MAGA #LEADERSHIP &amp, #RESPECT #ECONOMY #JOBS #PEACEthruSTRENGTH #GOD #BLESS #TRUMP &amp, #THEUSA,0,0.926829268292683
Kathy the PatriotüóΩ YOU HAVE TO LOVE our GREAT PRESIDENT TRUMP!!! A SPINE OF U.S. STEEL!! CHANGING IT! ON TRADE &amp, EVERYTHING FOR AMERICANS!! #AMERICAFIRST #USA #MAGA #LEADERSHIP &amp, #RESPECT #ECONOMY #JOBS #PEACEthruSTRENGTH #GOD #BLESS #TRUMP &amp, #THEUSA üòÄ,0,0.951219512195122
Kathy the PatriotüóΩ YOU HAVE TO LOVE our GREAT PRESIDENT TRUMP!!! A SPINE OF U.S. STEEL!! CHANGING IT! ON TRADE &amp, EVERYTHING FOR AMERICANS!! #AMERICAFIRST #USA #MAGA #LEADERSHIP &amp, #RESPECT #ECONOMY #JOBS #PEACEthruSTRENGTH #GOD #BLESS #TRUMP &amp, #THEUSA üòÄ üóΩüóΩüóΩ,0,0.975609756097561
Kathy the PatriotüóΩ YOU HAVE TO LOVE our GREAT PRESIDENT TRUMP!!! A SPINE OF U.S. STEEL!! CHANGING IT! ON TRADE &amp, EVERYTHING FOR AMERICANS!! #AMERICAFIRST #USA #MAGA #LEADERSHIP &amp, #RESPECT #ECONOMY #JOBS #PEACEthruSTRENGTH #GOD #BLESS #TRUMP &amp, #THEUSA üòÄ üóΩüóΩüóΩ üòÄ,0,1
Wow,0,0.1,,,
Wow you,0,0.2,,,
Wow you liberals,0,0.3,,,
Wow you liberals really,0,0.4,,,
Wow you liberals really don‚Äôt,0,0.5,,,
Wow you liberals really don‚Äôt have,0,0.6,,,
Wow you liberals really don‚Äôt have a,0,0.7,,,
Wow you liberals really don‚Äôt have a sense,0,0.8,,,
Wow you liberals really don‚Äôt have a sense of,0,0.9,,,
Wow you liberals really don‚Äôt have a sense of humor.üôÑ,0,1,,,
I'M,0,0.25,,,
I'M SO,0,0.5,,,
I'M SO FUCKING,0,0.75,,,
I'M SO FUCKING READY,0,1,,,
Holy,0,0.0714285714285714,,,
Holy moly!!,0,0.142857142857143,,,
Holy moly!! If,0,0.214285714285714,,,
Holy moly!! If the,0,0.285714285714286,,,
Holy moly!! If the catholic,0,0.357142857142857,,,
Holy moly!! If the catholic people,0,0.428571428571429,,,
Holy moly!! If the catholic people haven't,0,0.5,,,
Holy moly!! If the catholic people haven't been,0,0.571428571428571,,,
Holy moly!! If the catholic people haven't been awakened,0,0.642857142857143,,,
Holy moly!! If the catholic people haven't been awakened by,0,0.714285714285714,,,
Holy moly!! If the catholic people haven't been awakened by this,0,0.785714285714286,,,
Holy moly!! If the catholic people haven't been awakened by this .....,0,0.857142857142857,,,
Holy moly!! If the catholic people haven't been awakened by this ..... #FalseProphet,0,0.928571428571429,,,
Holy moly!! If the catholic people haven't been awakened by this ..... #FalseProphet #Lunatic,0,1,,,
Lol,0,0.0434782608695652,,,
Lol yeah,0,0.0869565217391304,,,
Lol yeah per,0,0.130434782608696,,,
Lol yeah per dina,0,0.173913043478261,,,
Lol yeah per dina he,0,0.217391304347826,,,
Lol yeah per dina he is,0,0.260869565217391,,,
Lol yeah per dina he is There,0,0.304347826086957,,,
Lol yeah per dina he is There everyday,0,0.347826086956522,,,
Lol yeah per dina he is There everyday per,0,0.391304347826087,,,
Lol yeah per dina he is There everyday per claudia,0,0.434782608695652,,,
Lol yeah per dina he is There everyday per claudia no,0,0.478260869565217,,,
Lol yeah per dina he is There everyday per claudia no horse,0,0.521739130434783,,,
Lol yeah per dina he is There everyday per claudia no horse got,0,0.565217391304348,,,
Lol yeah per dina he is There everyday per claudia no horse got vet,0,0.608695652173913,,,
Lol yeah per dina he is There everyday per claudia no horse got vet care,0,0.652173913043478,,,
Lol yeah per dina he is There everyday per claudia no horse got vet care unless,0,0.695652173913044,,,
Lol yeah per dina he is There everyday per claudia no horse got vet care unless it,0,0.739130434782609,,,
Lol yeah per dina he is There everyday per claudia no horse got vet care unless it was,0,0.782608695652174,,,
Lol yeah per dina he is There everyday per claudia no horse got vet care unless it was for,0,0.826086956521739,,,
Lol yeah per dina he is There everyday per claudia no horse got vet care unless it was for donation,0,0.869565217391304,,,
Lol yeah per dina he is There everyday per claudia no horse got vet care unless it was for donation example,0,0.91304347826087,,,
Lol yeah per dina he is There everyday per claudia no horse got vet care unless it was for donation example limping,0,0.956521739130435,,,
Lol yeah per dina he is There everyday per claudia no horse got vet care unless it was for donation example limping etc,0,1,,,
What,0,0.024390243902439,,,
What a,0,0.0487804878048781,,,
What a surprise....,0,0.0731707317073171,,,
What a surprise.... same,0,0.0975609756097561,,,
What a surprise.... same as,0,0.121951219512195,,,
What a surprise.... same as antifa.,0,0.146341463414634,,,
What a surprise.... same as antifa. BLM,0,0.170731707317073,,,
What a surprise.... same as antifa. BLM and,0,0.195121951219512,,,
What a surprise.... same as antifa. BLM and so,0,0.219512195121951,,,
What a surprise.... same as antifa. BLM and so on,0,0.24390243902439,,,
What a surprise.... same as antifa. BLM and so on and,0,0.268292682926829,,,
What a surprise.... same as antifa. BLM and so on and so,0,0.292682926829268,,,
What a surprise.... same as antifa. BLM and so on and so on.,0,0.317073170731707,,,
What a surprise.... same as antifa. BLM and so on and so on. Soros,0,0.341463414634146,,,
What a surprise.... same as antifa. BLM and so on and so on. Soros is,0,0.365853658536585,,,
What a surprise.... same as antifa. BLM and so on and so on. Soros is Americas,0,0.390243902439024,,,
What a surprise.... same as antifa. BLM and so on and so on. Soros is Americas worst,0,0.414634146341463,,,
What a surprise.... same as antifa. BLM and so on and so on. Soros is Americas worst enemy,0,0.439024390243902,,,
What a surprise.... same as antifa. BLM and so on and so on. Soros is Americas worst enemy in,0,0.463414634146342,,,
What a surprise.... same as antifa. BLM and so on and so on. Soros is Americas worst enemy in HISTORY.,0,0.487804878048781,,,
What a surprise.... same as antifa. BLM and so on and so on. Soros is Americas worst enemy in HISTORY. He,0,0.51219512195122,,,
What a surprise.... same as antifa. BLM and so on and so on. Soros is Americas worst enemy in HISTORY. He believes,0,0.536585365853659,,,
What a surprise.... same as antifa. BLM and so on and so on. Soros is Americas worst enemy in HISTORY. He believes the,0,0.560975609756098,,,
What a surprise.... same as antifa. BLM and so on and so on. Soros is Americas worst enemy in HISTORY. He believes the only,0,0.585365853658537,,,
What a surprise.... same as antifa. BLM and so on and so on. Soros is Americas worst enemy in HISTORY. He believes the only way,0,0.609756097560976,,,
What a surprise.... same as antifa. BLM and so on and so on. Soros is Americas worst enemy in HISTORY. He believes the only way to,0,0.634146341463415,,,
What a surprise.... same as antifa. BLM and so on and so on. Soros is Americas worst enemy in HISTORY. He believes the only way to take,0,0.658536585365854,,,
What a surprise.... same as antifa. BLM and so on and so on. Soros is Americas worst enemy in HISTORY. He believes the only way to take down,0,0.682926829268293,,,
What a surprise.... same as antifa. BLM and so on and so on. Soros is Americas worst enemy in HISTORY. He believes the only way to take down the,0,0.707317073170732,,,
What a surprise.... same as antifa. BLM and so on and so on. Soros is Americas worst enemy in HISTORY. He believes the only way to take down the USA,0,0.731707317073171,,,
What a surprise.... same as antifa. BLM and so on and so on. Soros is Americas worst enemy in HISTORY. He believes the only way to take down the USA is,0,0.75609756097561,,,
What a surprise.... same as antifa. BLM and so on and so on. Soros is Americas worst enemy in HISTORY. He believes the only way to take down the USA is from,0,0.780487804878049,,,
What a surprise.... same as antifa. BLM and so on and so on. Soros is Americas worst enemy in HISTORY. He believes the only way to take down the USA is from withing.,0,0.804878048780488,,,
What a surprise.... same as antifa. BLM and so on and so on. Soros is Americas worst enemy in HISTORY. He believes the only way to take down the USA is from withing. And,0,0.829268292682927,,,
What a surprise.... same as antifa. BLM and so on and so on. Soros is Americas worst enemy in HISTORY. He believes the only way to take down the USA is from withing. And hes,0,0.853658536585366,,,
What a surprise.... same as antifa. BLM and so on and so on. Soros is Americas worst enemy in HISTORY. He believes the only way to take down the USA is from withing. And hes right.,0,0.878048780487805,,,
What a surprise.... same as antifa. BLM and so on and so on. Soros is Americas worst enemy in HISTORY. He believes the only way to take down the USA is from withing. And hes right. But,0,0.902439024390244,,,
What a surprise.... same as antifa. BLM and so on and so on. Soros is Americas worst enemy in HISTORY. He believes the only way to take down the USA is from withing. And hes right. But it's,0,0.926829268292683,,,
What a surprise.... same as antifa. BLM and so on and so on. Soros is Americas worst enemy in HISTORY. He believes the only way to take down the USA is from withing. And hes right. But it's not,0,0.951219512195122,,,
What a surprise.... same as antifa. BLM and so on and so on. Soros is Americas worst enemy in HISTORY. He believes the only way to take down the USA is from withing. And hes right. But it's not gunna,0,0.975609756097561,,,
What a surprise.... same as antifa. BLM and so on and so on. Soros is Americas worst enemy in HISTORY. He believes the only way to take down the USA is from withing. And hes right. But it's not gunna happen.,0,1,,,
Me,0,0.0909090909090909,,,
Me too!,0,0.181818181818182,,,
Me too! Her,0,0.272727272727273,,,
Me too! Her wedding,0,0.363636363636364,,,
Me too! Her wedding was,0,0.454545454545455,,,
Me too! Her wedding was the,0,0.545454545454545,,,
Me too! Her wedding was the best!,0,0.636363636363636,,,
Me too! Her wedding was the best! She,0,0.727272727272727,,,
Me too! Her wedding was the best! She is,0,0.818181818181818,,,
Me too! Her wedding was the best! She is very,0,0.909090909090909,,,
Me too! Her wedding was the best! She is very pretty!,0,1,,,
No,0,0.0666666666666667,,,
No conflict,0,0.133333333333333,,,
No conflict here‚Äîdon‚Äôt,0,0.2,,,
No conflict here‚Äîdon‚Äôt look,0,0.266666666666667,,,
No conflict here‚Äîdon‚Äôt look at,0,0.333333333333333,,,
No conflict here‚Äîdon‚Äôt look at this.,0,0.4,,,
No conflict here‚Äîdon‚Äôt look at this. #Soros,0,0.466666666666667,,,
No conflict here‚Äîdon‚Äôt look at this. #Soros involved,0,0.533333333333333,,,
No conflict here‚Äîdon‚Äôt look at this. #Soros involved in,0,0.6,,,
No conflict here‚Äîdon‚Äôt look at this. #Soros involved in violent,0,0.666666666666667,,,
No conflict here‚Äîdon‚Äôt look at this. #Soros involved in violent left,0,0.733333333333333,,,
No conflict here‚Äîdon‚Äôt look at this. #Soros involved in violent left agenda,0,0.8,,,
No conflict here‚Äîdon‚Äôt look at this. #Soros involved in violent left agenda of,0,0.866666666666667,,,
No conflict here‚Äîdon‚Äôt look at this. #Soros involved in violent left agenda of Antifa,0,0.933333333333333,,,
No conflict here‚Äîdon‚Äôt look at this. #Soros involved in violent left agenda of Antifa also.,0,1,,,
URL,0,0.0454545454545455,,,
URL any,0,0.0909090909090909,,,
URL any of,0,0.136363636363636,,,
URL any of your,0,0.181818181818182,,,
URL any of your announcements,0,0.227272727272727,,,
URL any of your announcements every,0,0.272727272727273,,,
URL any of your announcements every come,0,0.318181818181818,,,
URL any of your announcements every come to,0,0.363636363636364,,,
URL any of your announcements every come to fruition,0,0.409090909090909,,,
URL any of your announcements every come to fruition or,0,0.454545454545455,,,
URL any of your announcements every come to fruition or is,0,0.5,,,
URL any of your announcements every come to fruition or is it,0,0.545454545454545,,,
URL any of your announcements every come to fruition or is it basically,0,0.590909090909091,,,
URL any of your announcements every come to fruition or is it basically stealing,0,0.636363636363636,,,
URL any of your announcements every come to fruition or is it basically stealing Labour's,0,0.681818181818182,,,
URL any of your announcements every come to fruition or is it basically stealing Labour's ideas,0,0.727272727272727,,,
URL any of your announcements every come to fruition or is it basically stealing Labour's ideas to,0,0.772727272727273,,,
URL any of your announcements every come to fruition or is it basically stealing Labour's ideas to get,0,0.818181818181818,,,
URL any of your announcements every come to fruition or is it basically stealing Labour's ideas to get a,0,0.863636363636364,,,
URL any of your announcements every come to fruition or is it basically stealing Labour's ideas to get a few,0,0.909090909090909,,,
URL any of your announcements every come to fruition or is it basically stealing Labour's ideas to get a few more,0,0.954545454545455,,,
URL any of your announcements every come to fruition or is it basically stealing Labour's ideas to get a few more votes,0,1,,,
4,1,0.05,,,
4 out,1,0.1,,,
4 out of,1,0.15,,,
4 out of 10,1,0.2,,,
4 out of 10 British,1,0.25,,,
4 out of 10 British people,1,0.3,,,
4 out of 10 British people are,1,0.35,,,
4 out of 10 British people are basically,1,0.4,,,
4 out of 10 British people are basically full-on,1,0.45,,,
4 out of 10 British people are basically full-on racists.,1,0.5,,,
4 out of 10 British people are basically full-on racists. 4,1,0.55,,,
4 out of 10 British people are basically full-on racists. 4 out,1,0.6,,,
4 out of 10 British people are basically full-on racists. 4 out of,1,0.65,,,
4 out of 10 British people are basically full-on racists. 4 out of 10,1,0.7,,,
4 out of 10 British people are basically full-on racists. 4 out of 10 voters,1,0.75,,,
4 out of 10 British people are basically full-on racists. 4 out of 10 voters vote,1,0.8,,,
4 out of 10 British people are basically full-on racists. 4 out of 10 voters vote for,1,0.85,,,
4 out of 10 British people are basically full-on racists. 4 out of 10 voters vote for the,1,0.9,,,
4 out of 10 British people are basically full-on racists. 4 out of 10 voters vote for the Conservatives.,1,0.95,,,
4 out of 10 British people are basically full-on racists. 4 out of 10 voters vote for the Conservatives. Coincidence!???!???,1,1,,,
